date,draw_no,n1,n2,n3,n4,n5,n6,joker,super,numbers,bonus
2016-06-18,1023,4,10,20,22,27,33,,,4 10 20 22 27 33,
2016-06-25,1024,6,7,11,16,24,35,,,6 7 11 16 24 35,
2016-07-02,1025,4,35,39,40,42,46,,,4 35 39 40 42 46,
2016-07-09,1026,6,11,21,39,40,48,,,6 11 21 39 40 48,
2016-07-16,1027,12,16,27,36,46,48,,,12 16 27 36 46 48,
2016-07-23,1028,7,12,14,34,40,46,,,7 12 14 34 40 46,
2016-07-30,1029,2,14,22,23,38,47,,,2 14 22 23 38 47,
2016-08-06,1030,2,18,27,31,33,38,,,2 18 27 31 33 38,
2016-08-13,1031,13,18,19,20,38,49,,,13 18 19 20 38 49,
2016-08-20,1032,9,24,28,29,33,49,,,9 24 28 29 33 49,
2016-08-27,1033,17,19,23,29,44,46,,,17 19 23 29 44 46,
2016-09-03,1034,2,12,14,22,31,34,,,2 12 14 22 31 34,
2016-09-10,1035,2,11,22,27,30,35,,,2 11 22 27 30 35,
2016-09-17,1036,12,18,22,35,37,45,,,12 18 22 35 37 45,
2016-09-24,1037,7,16,17,18,31,32,,,7 16 17 18 31 32,
2016-10-01,1038,4,14,25,27,31,39,,,4 14 25 27 31 39,
2016-10-08,1039,18,25,33,34,37,45,,,18 25 33 34 37 45,
2016-10-15,1040,12,19,23,33,42,49,,,12 19 23 33 42 49,
2016-10-22,1041,9,11,13,14,16,44,,,9 11 13 14 16 44,
2016-10-29,1042,4,10,30,36,44,46,,,4 10 30 36 44 46,
2016-11-05,1043,11,23,35,39,48,49,,,11 23 35 39 48 49,
2016-11-12,1044,13,28,36,39,41,47,,,13 28 36 39 41 47,
2016-11-19,1045,11,26,30,39,41,48,,,11 26 30 39 41 48,
2016-11-26,1046,5,21,22,26,29,44,,,5 21 22 26 29 44,
2016-12-03,1047,24,26,36,43,44,46,,,24 26 36 43 44 46,
2016-12-10,1048,5,10,11,21,27,30,,,5 10 11 21 27 30,
2016-12-17,1049,8,9,10,25,33,36,,,8 9 10 25 33 36,
2016-12-24,1050,8,10,33,46,48,49,,,8 10 33 46 48 49,
2016-12-31,1051,4,9,25,28,40,43,,,4 9 25 28 40 43,
2017-01-07,1052,8,9,14,20,38,44,,,8 9 14 20 38 44,
2017-01-14,1053,5,26,29,34,35,36,,,5 26 29 34 35 36,
2017-01-21,1054,22,23,31,35,43,48,,,22 23 31 35 43 48,
2017-01-28,1055,5,6,19,21,24,26,,,5 6 19 21 24 26,
2017-02-04,1056,16,27,28,32,42,43,,,16 27 28 32 42 43,
2017-02-11,1057,4,12,24,25,29,47,,,4 12 24 25 29 47,
2017-02-18,1058,2,18,28,33,36,40,,,2 18 28 33 36 40,
2017-02-25,1059,13,20,25,28,30,48,,,13 20 25 28 30 48,
2017-03-04,1060,1,15,26,31,33,43,,,1 15 26 31 33 43,
2017-03-11,1061,4,7,13,22,25,27,,,4 7 13 22 25 27,
2017-03-18,1062,12,16,28,37,46,49,,,12 16 28 37 46 49,
2017-03-25,1063,1,8,12,19,20,23,,,1 8 12 19 20 23,
2017-04-01,1064,3,9,25,34,38,41,,,3 9 25 34 38 41,
2017-04-08,1065,21,22,24,25,32,39,,,21 22 24 25 32 39,
2017-04-15,1066,1,2,23,39,41,45,,,1 2 23 39 41 45,
2017-04-22,1067,5,18,25,28,38,41,,,5 18 25 28 38 41,
2017-04-29,1068,3,9,12,17,22,45,,,3 9 12 17 22 45,
2017-05-06,1069,1,5,17,35,42,47,,,1 5 17 35 42 47,
2017-05-13,1070,13,19,21,22,34,49,,,13 19 21 22 34 49,
2017-05-20,1071,9,11,28,29,33,37,,,9 11 28 29 33 37,
2017-05-27,1072,5,14,16,18,31,48,,,5 14 16 18 31 48,
2017-06-03,1073,13,17,25,31,41,42,,,13 17 25 31 41 42,
2017-06-10,1074,3,5,29,34,38,40,,,3 5 29 34 38 40,
2017-06-17,1075,5,8,25,28,45,49,,,5 8 25 28 45 49,
2017-06-24,1076,7,10,22,23,30,45,,,7 10 22 23 30 45,
2017-07-01,1077,3,8,13,22,40,48,,,3 8 13 22 40 48,
2017-07-08,1078,4,15,25,31,40,49,,,4 15 25 31 40 49,
2017-07-15,1079,6,7,11,22,41,42,,,6 7 11 22 41 42,
2017-07-22,1080,1,13,14,19,29,30,,,1 13 14 19 29 30,
2017-07-29,1081,22,23,26,30,40,45,,,22 23 26 30 40 45,
2017-08-05,1082,23,32,44,45,47,48,,,23 32 44 45 47 48,
2017-08-12,1083,3,8,10,18,45,48,,,3 8 10 18 45 48,
2017-08-19,1084,11,15,16,17,18,40,,,11 15 16 17 18 40,
2017-08-26,1085,14,36,39,43,44,49,,,14 36 39 43 44 49,
2017-09-02,1086,3,13,18,31,43,49,,,3 13 18 31 43 49,
2017-09-09,1087,3,8,17,18,32,38,,,3 8 17 18 32 38,
2017-09-16,1088,5,20,36,41,45,46,,,5 20 36 41 45 46,
2017-09-23,1089,2,19,31,36,42,48,,,2 19 31 36 42 48,
2017-09-30,1090,6,9,12,24,27,39,,,6 9 12 24 27 39,
2017-10-07,1091,11,17,19,27,35,38,,,11 17 19 27 35 38,
2017-10-14,1092,4,6,12,33,34,45,,,4 6 12 33 34 45,
2017-10-21,1093,7,12,26,29,31,36,,,7 12 26 29 31 36,
2017-10-28,1094,4,5,9,22,34,41,,,4 5 9 22 34 41,
2017-11-04,1095,14,21,32,37,47,49,,,14 21 32 37 47 49,
2017-11-11,1096,12,14,20,26,40,48,,,12 14 20 26 40 48,
2017-11-18,1097,1,11,13,18,26,49,,,1 11 13 18 26 49,
2017-11-25,1098,3,11,20,32,40,45,,,3 11 20 32 40 45,
2017-12-02,1099,1,5,8,17,20,46,,,1 5 8 17 20 46,
2017-12-09,1100,2,7,11,28,32,46,,,2 7 11 28 32 46,
2017-12-16,1101,2,21,38,40,41,44,,,2 21 38 40 41 44,
2017-12-23,1102,4,7,10,17,20,45,,,4 7 10 17 20 45,
2017-12-30,1103,3,6,19,35,38,41,,,3 6 19 35 38 41,
2018-01-06,1104,3,10,30,32,39,46,,,3 10 30 32 39 46,
2018-01-13,1105,2,14,27,31,32,45,,,2 14 27 31 32 45,
2018-01-20,1106,11,13,19,25,35,40,,,11 13 19 25 35 40,
2018-01-27,1107,4,14,16,40,44,45,,,4 14 16 40 44 45,
2018-02-03,1108,8,14,31,34,38,41,,,8 14 31 34 38 41,
2018-02-10,1109,2,8,17,33,37,41,,,2 8 17 33 37 41,
2018-02-17,1110,3,5,8,32,35,36,,,3 5 8 32 35 36,
2018-02-24,1111,5,7,10,17,20,21,,,5 7 10 17 20 21,
2018-03-03,1112,10,21,25,38,41,46,,,10 21 25 38 41 46,
2018-03-10,1113,3,15,20,26,28,35,,,3 15 20 26 28 35,
2018-03-17,1114,2,16,17,31,44,48,,,2 16 17 31 44 48,
2018-03-24,1115,4,6,36,37,39,43,,,4 6 36 37 39 43,
2018-03-31,1116,8,15,20,29,39,41,,,8 15 20 29 39 41,
2018-04-07,1117,1,19,28,29,39,43,,,1 19 28 29 39 43,
2018-04-14,1118,3,11,34,37,40,43,,,3 11 34 37 40 43,
2018-04-21,1119,5,6,18,41,43,49,,,5 6 18 41 43 49,
2018-04-28,1120,4,5,16,36,39,42,,,4 5 16 36 39 42,
2018-05-05,1121,3,6,18,19,26,31,,,3 6 18 19 26 31,
2018-05-12,1122,2,3,9,21,32,42,,,2 3 9 21 32 42,
2018-05-19,1123,3,4,5,21,24,34,,,3 4 5 21 24 34,
2018-05-26,1124,1,10,11,13,26,34,,,1 10 11 13 26 34,
2018-06-02,1125,12,16,32,35,40,47,,,12 16 32 35 40 47,
2018-06-09,1126,1,3,22,25,34,43,,,1 3 22 25 34 43,
2018-06-16,1127,10,15,22,40,41,45,,,10 15 22 40 41 45,
2018-06-23,1128,1,3,10,19,24,42,,,1 3 10 19 24 42,
2018-06-30,1129,6,7,17,18,20,46,,,6 7 17 18 20 46,
2018-07-07,1130,3,8,13,20,30,46,,,3 8 13 20 30 46,
2018-07-14,1131,1,5,13,20,25,39,,,1 5 13 20 25 39,
2018-07-18,1132,1,25,26,35,38,48,,,1 25 26 35 38 48,
2018-07-21,1133,4,15,20,24,27,46,,,4 15 20 24 27 46,
2018-07-25,1134,1,9,16,19,26,46,,,1 9 16 19 26 46,
2018-07-28,1135,7,9,10,11,38,46,,,7 9 10 11 38 46,
2018-08-01,1136,4,6,14,20,38,47,,,4 6 14 20 38 47,
2018-08-04,1137,13,21,24,30,45,46,,,13 21 24 30 45 46,
2018-08-08,1138,6,12,18,42,43,46,,,6 12 18 42 43 46,
2018-08-11,1139,9,15,16,21,32,33,,,9 15 16 21 32 33,
2018-08-15,1140,3,10,15,18,25,43,,,3 10 15 18 25 43,
2018-08-18,1141,4,12,19,30,33,47,,,4 12 19 30 33 47,
2018-08-22,1142,4,8,30,36,44,49,,,4 8 30 36 44 49,
2018-08-25,1143,4,25,37,38,42,43,,,4 25 37 38 42 43,
2018-08-29,1144,1,2,13,28,39,46,,,1 2 13 28 39 46,
2018-09-01,1145,3,9,21,25,30,38,,,3 9 21 25 30 38,
2018-09-05,1146,6,7,9,14,26,35,,,6 7 9 14 26 35,
2018-09-08,1147,16,19,23,30,31,44,,,16 19 23 30 31 44,
2018-09-12,1148,3,26,31,34,44,48,,,3 26 31 34 44 48,
2018-09-15,1149,4,20,25,30,43,44,,,4 20 25 30 43 44,
2018-09-19,1150,10,32,33,37,43,48,,,10 32 33 37 43 48,
2018-09-22,1151,1,4,12,27,46,49,,,1 4 12 27 46 49,
2018-09-26,1152,2,15,18,37,47,48,,,2 15 18 37 47 48,
2018-09-29,1153,2,3,13,25,29,32,,,2 3 13 25 29 32,
2018-10-03,1154,2,5,12,14,22,38,,,2 5 12 14 22 38,
2018-10-06,1155,1,5,25,35,47,48,,,1 5 25 35 47 48,
2018-10-10,1156,3,12,30,41,43,48,,,3 12 30 41 43 48,
2018-10-13,1157,18,19,28,30,36,39,,,18 19 28 30 36 39,
2018-10-17,1158,5,17,26,27,30,38,,,5 17 26 27 30 38,
2018-10-20,1159,8,25,29,31,41,47,,,8 25 29 31 41 47,
2018-10-24,1160,1,8,15,22,28,34,,,1 8 15 22 28 34,
2018-10-27,1161,4,9,22,28,29,47,,,4 9 22 28 29 47,
2018-10-31,1162,23,29,34,37,38,45,,,23 29 34 37 38 45,
2018-11-03,1163,1,23,27,28,39,48,,,1 23 27 28 39 48,
2018-11-07,1164,13,17,22,23,28,46,,,13 17 22 23 28 46,
2018-11-10,1165,9,15,18,28,29,46,,,9 15 18 28 29 46,
2018-11-14,1166,5,8,14,17,45,46,,,5 8 14 17 45 46,
2018-11-17,1167,6,30,34,36,41,46,,,6 30 34 36 41 46,
2018-11-21,1168,22,30,31,36,39,49,,,22 30 31 36 39 49,
2018-11-24,1169,1,11,14,20,30,44,,,1 11 14 20 30 44,
2018-11-28,1170,9,21,30,33,39,42,,,9 21 30 33 39 42,
2018-12-01,1171,6,17,20,31,32,47,,,6 17 20 31 32 47,
2018-12-05,1172,16,18,23,24,37,47,,,16 18 23 24 37 47,
2018-12-08,1173,1,5,7,14,46,47,,,1 5 7 14 46 47,
2018-12-12,1174,25,33,36,45,47,48,,,25 33 36 45 47 48,
2018-12-15,1175,18,25,29,30,32,44,,,18 25 29 30 32 44,
2018-12-19,1176,4,18,22,23,35,45,,,4 18 22 23 35 45,
2018-12-22,1177,4,8,9,26,40,48,,,4 8 9 26 40 48,
2018-12-26,1178,19,31,33,40,42,48,,,19 31 33 40 42 48,
2018-12-29,1179,12,29,32,34,46,49,,,12 29 32 34 46 49,
2019-01-02,1180,2,4,15,29,31,45,,,2 4 15 29 31 45,
2019-01-05,1181,2,20,29,38,46,47,,,2 20 29 38 46 47,
2019-01-09,1182,13,32,33,42,43,47,,,13 32 33 42 43 47,
2019-01-12,1183,5,17,21,24,29,40,,,5 17 21 24 29 40,
2019-01-16,1184,4,10,16,23,48,49,,,4 10 16 23 48 49,
2019-01-19,1185,8,20,24,25,28,37,,,8 20 24 25 28 37,
2019-01-23,1186,14,15,18,34,38,45,,,14 15 18 34 38 45,
2019-01-26,1187,13,19,32,42,47,48,,,13 19 32 42 47 48,
2019-01-30,1188,3,8,9,11,19,44,,,3 8 9 11 19 44,
2019-02-02,1189,5,6,17,21,27,41,,,5 6 17 21 27 41,
2019-02-06,1190,2,5,8,13,16,35,,,2 5 8 13 16 35,
2019-02-09,1191,3,13,32,44,46,49,,,3 13 32 44 46 49,
2019-02-13,1192,1,18,21,24,48,49,,,1 18 21 24 48 49,
2019-02-16,1193,7,11,22,30,37,44,,,7 11 22 30 37 44,
2019-02-20,1194,5,7,27,31,32,45,,,5 7 27 31 32 45,
2019-02-23,1195,17,27,40,43,46,47,,,17 27 40 43 46 47,
2019-02-27,1196,3,5,9,10,14,23,,,3 5 9 10 14 23,
2019-03-02,1197,3,13,15,16,20,46,,,3 13 15 16 20 46,
2019-03-06,1198,6,10,20,22,30,48,,,6 10 20 22 30 48,
2019-03-09,1199,8,18,29,43,45,49,,,8 18 29 43 45 49,
2019-03-13,1200,14,23,32,36,38,43,,,14 23 32 36 38 43,
2019-03-16,1201,5,11,27,31,41,42,,,5 11 27 31 41 42,
2019-03-20,1202,1,5,22,26,40,49,,,1 5 22 26 40 49,
2019-03-23,1203,1,9,15,18,41,47,,,1 9 15 18 41 47,
2019-03-27,1204,3,9,20,35,38,44,,,3 9 20 35 38 44,
2019-03-30,1205,22,27,36,38,40,42,,,22 27 36 38 40 42,
2019-04-03,1206,1,3,13,34,35,48,,,1 3 13 34 35 48,
2019-04-06,1207,4,12,17,42,43,45,,,4 12 17 42 43 45,
2019-04-10,1208,19,20,22,31,40,47,,,19 20 22 31 40 47,
2019-04-13,1209,5,10,22,42,45,49,,,5 10 22 42 45 49,
2019-04-17,1210,3,10,18,23,24,42,,,3 10 18 23 24 42,
2019-04-20,1211,7,26,30,36,43,49,,,7 26 30 36 43 49,
2019-04-24,1212,3,17,23,39,41,47,,,3 17 23 39 41 47,
2019-04-27,1213,3,7,11,21,34,44,,,3 7 11 21 34 44,
2019-05-01,1214,6,11,18,20,25,33,,,6 11 18 20 25 33,
2019-05-04,1215,5,15,24,28,33,36,,,5 15 24 28 33 36,
2019-05-08,1216,8,13,15,31,32,37,,,8 13 15 31 32 37,
2019-05-11,1217,5,12,16,25,27,44,,,5 12 16 25 27 44,
2019-05-15,1218,3,10,29,33,41,48,,,3 10 29 33 41 48,
2019-05-18,1219,16,21,26,42,45,48,,,16 21 26 42 45 48,
2019-05-22,1220,12,18,19,20,21,26,,,12 18 19 20 21 26,
2019-05-25,1221,6,11,16,21,38,39,,,6 11 16 21 38 39,
2019-05-29,1222,4,8,13,19,27,41,,,4 8 13 19 27 41,
2019-06-01,1223,1,9,22,27,39,40,,,1 9 22 27 39 40,
2019-06-05,1224,1,9,14,18,22,23,,,1 9 14 18 22 23,
2019-06-08,1225,7,10,13,17,45,46,,,7 10 13 17 45 46,
2019-06-12,1226,3,12,18,31,33,43,,,3 12 18 31 33 43,
2019-06-15,1227,1,3,25,29,40,43,,,1 3 25 29 40 43,
2019-06-19,1228,7,34,36,38,42,48,,,7 34 36 38 42 48,
2019-06-22,1229,11,14,17,27,38,41,,,11 14 17 27 38 41,
2019-06-26,1230,9,14,22,24,42,48,,,9 14 22 24 42 48,
2019-06-29,1231,1,6,14,24,26,40,,,1 6 14 24 26 40,
2019-07-03,1232,13,15,17,29,38,39,,,13 15 17 29 38 39,
2019-07-06,1233,4,7,14,23,27,42,,,4 7 14 23 27 42,
2019-07-10,1234,5,14,24,37,44,49,,,5 14 24 37 44 49,
2019-07-13,1235,6,10,12,21,26,27,,,6 10 12 21 26 27,
2019-07-17,1236,6,15,25,27,36,44,,,6 15 25 27 36 44,
2019-07-20,1237,6,13,21,24,36,48,,,6 13 21 24 36 48,
2019-07-24,1238,8,12,20,21,37,46,,,8 12 20 21 37 46,
2019-07-27,1239,5,18,19,20,29,46,,,5 18 19 20 29 46,
2019-07-31,1240,7,19,20,26,30,37,,,7 19 20 26 30 37,
2019-08-03,1241,2,7,8,37,40,44,,,2 7 8 37 40 44,
2019-08-07,1242,11,16,24,33,38,49,,,11 16 24 33 38 49,
2019-08-10,1243,8,11,12,41,45,49,,,8 11 12 41 45 49,
2019-08-14,1244,1,34,35,36,37,38,,,1 34 35 36 37 38,
2019-08-17,1245,4,6,17,39,41,42,,,4 6 17 39 41 42,
2019-08-21,1246,17,18,29,30,32,34,,,17 18 29 30 32 34,
2019-08-24,1247,1,8,21,23,25,28,,,1 8 21 23 25 28,
2019-08-28,1248,7,9,16,28,35,47,,,7 9 16 28 35 47,
2019-08-31,1249,7,17,22,36,43,44,,,7 17 22 36 43 44,
2019-09-04,1250,5,7,25,28,42,47,,,5 7 25 28 42 47,
2019-09-07,1251,3,4,11,15,16,30,,,3 4 11 15 16 30,
2019-09-11,1252,3,14,35,37,39,40,,,3 14 35 37 39 40,
2019-09-14,1253,1,6,12,15,19,26,,,1 6 12 15 19 26,
2019-09-18,1254,9,11,15,27,30,49,,,9 11 15 27 30 49,
2019-09-21,1255,2,6,7,23,37,40,,,2 6 7 23 37 40,
2019-09-25,1256,4,6,10,13,26,39,,,4 6 10 13 26 39,
2019-09-28,1257,3,13,15,17,28,32,,,3 13 15 17 28 32,
2019-10-02,1258,16,17,31,33,34,42,,,16 17 31 33 34 42,
2019-10-05,1259,6,19,23,24,27,34,,,6 19 23 24 27 34,
2019-10-09,1260,4,22,30,37,42,46,,,4 22 30 37 42 46,
2019-10-12,1261,5,6,21,27,37,46,,,5 6 21 27 37 46,
2019-10-16,1262,1,4,6,35,40,47,,,1 4 6 35 40 47,
2019-10-19,1263,4,6,10,18,22,35,,,4 6 10 18 22 35,
2019-10-23,1264,7,17,28,30,36,41,,,7 17 28 30 36 41,
2019-10-26,1265,4,6,21,29,30,47,,,4 6 21 29 30 47,
2019-10-30,1266,7,16,21,31,36,46,,,7 16 21 31 36 46,
2019-11-02,1267,6,29,31,32,44,45,,,6 29 31 32 44 45,
2019-11-06,1268,8,17,18,20,29,44,,,8 17 18 20 29 44,
2019-11-09,1269,1,2,19,22,40,44,,,1 2 19 22 40 44,
2019-11-13,1270,3,12,13,26,31,33,,,3 12 13 26 31 33,
2019-11-16,1271,16,32,33,34,43,45,,,16 32 33 34 43 45,
2019-11-20,1272,9,25,30,34,35,42,,,9 25 30 34 35 42,
2019-11-23,1273,13,20,26,27,29,33,,,13 20 26 27 29 33,
2019-11-27,1274,8,17,19,23,35,40,,,8 17 19 23 35 40,
2019-11-30,1275,6,13,27,34,36,43,,,6 13 27 34 36 43,
2019-12-04,1276,4,5,9,19,32,39,,,4 5 9 19 32 39,
2019-12-07,1277,7,10,11,13,31,46,,,7 10 11 13 31 46,
2019-12-11,1278,7,12,19,24,25,32,,,7 12 19 24 25 32,
2019-12-14,1279,9,22,24,25,39,40,,,9 22 24 25 39 40,
2019-12-18,1280,1,6,13,24,25,37,,,1 6 13 24 25 37,
2019-12-21,1281,15,19,23,34,36,41,,,15 19 23 34 36 41,
2019-12-25,1282,3,15,39,40,43,46,,,3 15 39 40 43 46,
2019-12-28,1283,7,12,15,17,19,48,,,7 12 15 17 19 48,
2020-01-01,1284,13,25,32,33,34,49,,,13 25 32 33 34 49,
2020-01-02,40,5,20,22,49,55,73,74.0,0.0,5 20 22 49 55 73,74
2020-01-04,1285,3,12,17,20,41,47,,,3 12 17 20 41 47,
2020-01-08,1286,20,25,28,38,40,49,,,20 25 28 38 40 49,
2020-01-11,1287,9,15,17,34,35,38,,,9 15 17 34 35 38,
2020-01-15,1288,12,13,14,17,23,48,,,12 13 14 17 23 48,
2020-01-18,1289,14,37,41,42,43,48,,,14 37 41 42 43 48,
2020-01-22,1290,2,20,22,24,44,46,,,2 20 22 24 44 46,
2020-01-25,1291,9,10,17,22,23,26,,,9 10 17 22 23 26,
2020-01-29,1292,11,17,30,35,42,44,,,11 17 30 35 42 44,
2020-02-01,1293,10,11,16,17,42,46,,,10 11 16 17 42 46,
2020-02-05,1294,4,7,28,29,35,37,,,4 7 28 29 35 37,
2020-02-08,1295,7,14,16,22,39,42,,,7 14 16 22 39 42,
2020-02-12,1296,4,9,14,17,26,30,,,4 9 14 17 26 30,
2020-02-15,1297,5,15,24,27,30,34,,,5 15 24 27 30 34,
2020-02-19,1298,5,11,14,26,42,43,,,5 11 14 26 42 43,
2020-02-22,1299,18,19,26,39,40,45,,,18 19 26 39 40 45,
2020-02-26,1300,3,12,15,28,29,38,,,3 12 15 28 29 38,
2020-02-29,1301,1,7,11,24,26,33,,,1 7 11 24 26 33,
2020-03-04,1302,5,14,16,30,39,42,,,5 14 16 30 39 42,
2020-03-07,1303,7,10,15,23,31,35,,,7 10 15 23 31 35,
2020-03-11,1304,10,21,31,34,43,49,,,10 21 31 34 43 49,
2020-03-14,1305,2,6,15,17,19,33,,,2 6 15 17 19 33,
2020-03-18,1306,14,21,27,29,39,47,,,14 21 27 29 39 47,
2020-03-21,1307,2,7,15,29,40,48,,,2 7 15 29 40 48,
2020-03-25,1308,8,19,31,32,39,46,,,8 19 31 32 39 46,
2020-03-28,1309,2,17,23,27,37,44,,,2 17 23 27 37 44,
2020-04-01,1310,4,10,15,23,30,31,,,4 10 15 23 30 31,
2020-04-04,1311,5,14,25,27,46,49,,,5 14 25 27 46 49,
2020-04-08,1312,5,11,19,20,28,46,,,5 11 19 20 28 46,
2020-04-11,1313,6,22,25,28,32,48,,,6 22 25 28 32 48,
2020-04-15,1314,9,26,34,44,46,49,,,9 26 34 44 46 49,
2020-04-18,1315,4,10,19,38,39,45,,,4 10 19 38 39 45,
2020-04-22,1316,5,9,10,27,35,45,,,5 9 10 27 35 45,
2020-04-25,1317,2,14,25,31,42,49,,,2 14 25 31 42 49,
2020-04-29,1318,7,12,20,21,41,46,,,7 12 20 21 41 46,
2020-05-02,1319,2,4,14,27,29,39,,,2 4 14 27 29 39,
2020-05-06,1320,5,15,17,26,31,34,,,5 15 17 26 31 34,
2020-05-09,1321,19,22,23,30,38,49,,,19 22 23 30 38 49,
2020-05-13,1322,5,8,10,24,30,37,,,5 8 10 24 30 37,
2020-05-16,1323,28,30,40,45,46,47,,,28 30 40 45 46 47,
2020-05-20,1324,2,12,15,16,30,33,,,2 12 15 16 30 33,
2020-05-23,1325,14,16,19,27,32,48,,,14 16 19 27 32 48,
2020-05-27,1326,3,8,13,15,38,41,,,3 8 13 15 38 41,
2020-05-30,1327,12,15,18,28,43,44,,,12 15 18 28 43 44,
2020-06-03,1328,2,28,31,32,44,46,,,2 28 31 32 44 46,
2020-06-06,1329,5,11,24,39,41,44,,,5 11 24 39 41 44,
2020-06-10,1330,15,16,25,26,36,39,,,15 16 25 26 36 39,
2020-06-13,1331,1,10,18,20,31,49,,,1 10 18 20 31 49,
2020-06-17,1332,1,3,13,41,42,47,,,1 3 13 41 42 47,
2020-06-20,1333,24,29,36,41,45,46,,,24 29 36 41 45 46,
2020-06-24,1334,6,10,30,36,43,46,,,6 10 30 36 43 46,
2020-06-27,1335,5,11,24,30,39,41,,,5 11 24 30 39 41,
2020-07-01,1336,6,7,13,17,18,38,,,6 7 13 17 18 38,
2020-07-04,1337,3,7,10,13,28,40,,,3 7 10 13 28 40,
2020-07-08,1338,3,9,10,18,28,43,,,3 9 10 18 28 43,
2020-07-11,1339,4,7,11,12,13,27,,,4 7 11 12 13 27,
2020-07-15,1340,6,8,13,15,19,46,,,6 8 13 15 19 46,
2020-07-18,1341,4,19,20,27,36,42,,,4 19 20 27 36 42,
2020-07-22,1342,13,19,20,23,28,39,,,13 19 20 23 28 39,
2020-07-25,1343,8,16,22,24,30,45,,,8 16 22 24 30 45,
2020-07-29,1344,3,5,25,41,45,49,,,3 5 25 41 45 49,
2020-08-03,1,4,34,39,42,47,61,72.0,0.0,4 34 39 42 47 61,72
2020-08-05,2,46,56,59,65,83,84,48.0,0.0,46 56 59 65 83 84,48
2020-08-08,3,11,31,33,44,68,78,14.0,0.0,11 31 33 44 68 78,14
2020-08-10,4,1,4,17,19,51,63,6.0,0.0,1 4 17 19 51 63,6
2020-08-12,5,10,39,67,80,82,87,2.0,0.0,10 39 67 80 82 87,2
2020-08-15,6,7,52,74,79,83,85,30.0,0.0,7 52 74 79 83 85,30
2020-08-17,7,5,18,25,44,55,82,49.0,0.0,5 18 25 44 55 82,49
2020-08-19,8,32,33,34,47,82,89,86.0,0.0,32 33 34 47 82 89,86
2020-08-22,9,1,8,18,51,55,70,36.0,0.0,1 8 18 51 55 70,36
2020-08-24,10,11,27,38,45,58,88,33.0,0.0,11 27 38 45 58 88,33
2020-08-26,11,13,27,38,58,59,67,45.0,0.0,13 27 38 58 59 67,45
2020-08-29,12,1,18,19,85,87,89,13.0,0.0,1 18 19 85 87 89,13
2020-08-31,13,2,11,15,30,35,53,67.0,0.0,2 11 15 30 35 53,67
2020-09-02,14,11,12,21,27,73,88,86.0,0.0,11 12 21 27 73 88,86
2020-09-05,15,18,54,61,70,75,85,87.0,0.0,18 54 61 70 75 85,87
2020-09-07,16,30,35,57,71,73,77,24.0,0.0,30 35 57 71 73 77,24
2020-09-09,17,1,21,29,41,44,72,86.0,0.0,1 21 29 41 44 72,86
2020-09-12,18,6,52,54,71,74,90,48.0,0.0,6 52 54 71 74 90,48
2020-09-14,19,1,48,54,65,72,82,23.0,0.0,1 48 54 65 72 82,23
2020-09-16,20,19,25,35,47,57,85,55.0,0.0,19 25 35 47 57 85,55
2020-09-19,21,19,44,45,61,71,87,83.0,0.0,19 44 45 61 71 87,83
2020-09-21,22,3,37,53,65,74,75,35.0,0.0,3 37 53 65 74 75,35
2020-09-23,23,5,6,14,21,31,90,11.0,0.0,5 6 14 21 31 90,11
2020-09-26,24,9,14,41,44,49,80,38.0,0.0,9 14 41 44 49 80,38
2020-09-30,26,8,25,28,35,43,59,77.0,0.0,8 25 28 35 43 59,77
2020-10-03,27,5,23,24,54,83,87,52.0,0.0,5 23 24 54 83 87,52
2020-10-05,28,18,44,46,48,56,79,39.0,0.0,18 44 46 48 56 79,39
2020-10-10,30,37,42,43,62,77,87,59.0,0.0,37 42 43 62 77 87,59
2020-10-12,31,18,22,50,52,67,73,27.0,0.0,18 22 50 52 67 73,27
2020-10-14,32,14,26,28,62,74,84,21.0,0.0,14 26 28 62 74 84,21
2020-10-17,33,25,35,36,50,79,82,83.0,0.0,25 35 36 50 79 82,83
2020-10-19,34,29,45,52,81,82,86,26.0,0.0,29 45 52 81 82 86,26
2020-10-21,35,13,22,37,43,66,87,65.0,0.0,13 22 37 43 66 87,65
2020-10-24,36,1,13,15,27,59,75,28.0,0.0,1 13 15 27 59 75,28
2020-10-26,37,44,71,74,76,83,87,37.0,0.0,44 71 74 76 83 87,37
2020-10-28,38,18,23,44,52,59,72,74.0,0.0,18 23 44 52 59 72,74
2020-10-31,39,15,16,19,74,75,81,20.0,0.0,15 16 19 74 75 81,20
2020-11-04,41,7,8,39,55,61,72,60.0,0.0,7 8 39 55 61 72,60
2020-11-07,42,16,43,64,73,85,88,24.0,0.0,16 43 64 73 85 88,24
2020-11-09,43,5,11,32,69,70,77,28.0,0.0,5 11 32 69 70 77,28
2020-11-11,44,12,20,38,72,74,87,14.0,0.0,12 20 38 72 74 87,14
2020-11-14,45,1,6,14,15,30,72,22.0,0.0,1 6 14 15 30 72,22
2020-11-16,46,29,33,39,49,56,89,19.0,0.0,29 33 39 49 56 89,19
2020-11-18,47,8,22,50,55,71,87,18.0,0.0,8 22 50 55 71 87,18
2020-11-21,48,17,46,61,66,78,83,9.0,0.0,17 46 61 66 78 83,9
2020-11-23,49,8,22,42,52,55,71,49.0,0.0,8 22 42 52 55 71,49
2020-11-25,50,39,42,46,53,78,87,90.0,0.0,39 42 46 53 78 87,90
2020-11-28,51,3,21,31,42,65,80,18.0,0.0,3 21 31 42 65 80,18
2020-11-30,52,7,8,22,48,57,87,32.0,0.0,7 8 22 48 57 87,32
2020-12-02,53,29,32,36,46,72,77,45.0,0.0,29 32 36 46 72 77,45
2020-12-05,54,5,20,22,27,70,76,79.0,0.0,5 20 22 27 70 76,79
2020-12-07,55,21,39,57,58,74,81,63.0,0.0,21 39 57 58 74 81,63
2020-12-09,56,9,13,27,53,62,90,24.0,0.0,9 13 27 53 62 90,24
2020-12-12,57,12,23,28,31,43,60,7.0,0.0,12 23 28 31 43 60,7
2020-12-14,58,3,6,32,60,74,76,68.0,0.0,3 6 32 60 74 76,68
2020-12-16,59,13,49,62,69,79,89,56.0,0.0,13 49 62 69 79 89,56
2020-12-19,60,14,27,63,65,71,77,38.0,0.0,14 27 63 65 71 77,38
2020-12-21,61,4,5,56,63,66,75,71.0,0.0,4 5 56 63 66 75,71
2020-12-23,62,12,27,42,52,72,89,33.0,0.0,12 27 42 52 72 89,33
2020-12-26,63,18,33,38,42,56,79,89.0,0.0,18 33 38 42 56 79,89
2020-12-28,64,28,44,46,68,74,82,29.0,0.0,28 44 46 68 74 82,29
2020-12-30,65,1,31,45,53,58,72,23.0,0.0,1 31 45 53 58 72,23
2021-01-02,1,3,7,9,22,27,70,20.0,0.0,3 7 9 22 27 70,20
2021-01-04,2,6,7,41,63,81,83,18.0,0.0,6 7 41 63 81 83,18
2021-01-06,3,1,32,60,62,63,74,20.0,0.0,1 32 60 62 63 74,20
2021-01-09,4,8,32,33,62,82,83,43.0,0.0,8 32 33 62 82 83,43
2021-01-11,5,6,20,32,54,73,88,11.0,0.0,6 20 32 54 73 88,11
2021-01-13,6,18,28,41,57,71,88,58.0,0.0,18 28 41 57 71 88,58
2021-01-16,7,43,71,73,75,86,88,79.0,0.0,43 71 73 75 86 88,79
2021-01-18,8,23,29,43,68,88,90,85.0,0.0,23 29 43 68 88 90,85
2021-01-20,9,19,24,39,61,63,73,6.0,0.0,19 24 39 61 63 73,6
2021-01-23,10,4,5,18,37,41,60,40.0,0.0,4 5 18 37 41 60,40
2021-01-25,11,15,18,61,70,74,90,29.0,0.0,15 18 61 70 74 90,29
2021-01-27,12,20,62,64,71,73,78,18.0,0.0,20 62 64 71 73 78,18
2021-01-30,13,4,12,21,29,42,90,51.0,0.0,4 12 21 29 42 90,51
2021-02-01,14,15,51,55,60,62,90,11.0,0.0,15 51 55 60 62 90,11
2021-02-03,15,5,41,45,52,65,89,20.0,0.0,5 41 45 52 65 89,20
2021-02-06,16,24,32,33,34,45,61,81.0,0.0,24 32 33 34 45 61,81
2021-02-08,17,1,5,13,33,40,52,12.0,0.0,1 5 13 33 40 52,12
2021-02-10,18,21,24,31,38,46,71,10.0,0.0,21 24 31 38 46 71,10
2021-02-12,19,23,33,38,62,80,90,79.0,40.0,23 33 38 62 80 90,79 40
2021-02-13,19,3,20,24,47,63,69,32.0,0.0,3 20 24 47 63 69,32
2021-02-15,20,8,11,16,47,64,87,15.0,0.0,8 11 16 47 64 87,15
2021-02-17,21,10,12,57,75,80,83,25.0,0.0,10 12 57 75 80 83,25
2021-02-19,22,5,11,12,18,34,85,37.0,49.0,5 11 12 18 34 85,37 49
2021-02-20,22,11,26,33,63,69,83,45.0,0.0,11 26 33 63 69 83,45
2021-02-22,23,23,35,59,64,75,81,66.0,0.0,23 35 59 64 75 81,66
2021-02-24,24,9,26,30,43,54,73,63.0,0.0,9 26 30 43 54 73,63
2021-02-27,25,2,14,29,30,69,80,53.0,0.0,2 14 29 30 69 80,53
2021-03-01,26,5,30,46,60,69,84,1.0,0.0,5 30 46 60 69 84,1
2021-03-03,27,2,11,13,34,47,74,84.0,0.0,2 11 13 34 47 74,84
2021-03-06,28,8,12,20,31,45,87,62.0,0.0,8 12 20 31 45 87,62
2021-03-08,29,22,38,45,47,70,87,24.0,0.0,22 38 45 47 70 87,24
2021-03-10,30,4,23,30,49,53,87,22.0,0.0,4 23 30 49 53 87,22
2021-03-13,31,11,19,25,32,54,71,61.0,0.0,11 19 25 32 54 71,61
2021-03-15,32,23,27,37,56,79,83,71.0,0.0,23 27 37 56 79 83,71
2021-03-17,33,7,13,15,69,78,79,10.0,0.0,7 13 15 69 78 79,10
2021-03-20,34,6,22,28,50,72,90,74.0,0.0,6 22 28 50 72 90,74
2021-03-22,35,9,12,39,64,70,89,40.0,0.0,9 12 39 64 70 89,40
2021-03-24,36,3,4,11,22,37,88,43.0,0.0,3 4 11 22 37 88,43
2021-03-27,37,3,11,21,28,62,83,7.0,0.0,3 11 21 28 62 83,7
2021-03-29,38,5,21,41,51,56,66,23.0,0.0,5 21 41 51 56 66,23
2021-03-31,39,1,3,59,83,84,88,37.0,0.0,1 3 59 83 84 88,37
2021-04-03,40,8,34,39,65,72,73,11.0,0.0,8 34 39 65 72 73,11
2021-04-05,41,19,35,39,62,64,86,90.0,0.0,19 35 39 62 64 86,90
2021-04-07,42,13,53,64,69,78,80,42.0,0.0,13 53 64 69 78 80,42
2021-04-10,43,5,21,30,43,45,60,39.0,0.0,5 21 30 43 45 60,39
2021-04-12,44,18,48,66,72,88,90,5.0,0.0,18 48 66 72 88 90,5
2021-04-14,45,2,4,21,37,63,73,81.0,0.0,2 4 21 37 63 73,81
2021-04-17,46,27,39,56,73,83,84,23.0,0.0,27 39 56 73 83 84,23
2021-04-19,47,12,23,56,79,82,86,5.0,0.0,12 23 56 79 82 86,5
2021-04-21,48,13,33,58,74,78,89,46.0,0.0,13 33 58 74 78 89,46
2021-04-24,49,6,19,29,51,62,81,30.0,0.0,6 19 29 51 62 81,30
2021-04-26,50,3,34,42,52,66,70,28.0,0.0,3 34 42 52 66 70,28
2021-04-28,51,1,15,32,50,55,69,17.0,0.0,1 15 32 50 55 69,17
2021-05-01,52,14,15,17,54,68,82,88.0,0.0,14 15 17 54 68 82,88
2021-05-03,53,3,12,60,65,67,85,49.0,0.0,3 12 60 65 67 85,49
2021-05-05,54,1,3,21,58,70,82,5.0,0.0,1 3 21 58 70 82,5
2021-05-08,55,1,15,43,62,64,85,57.0,0.0,1 15 43 62 64 85,57
2021-05-10,56,7,19,49,55,61,89,53.0,0.0,7 19 49 55 61 89,53
2021-05-12,57,13,43,45,70,76,86,7.0,0.0,13 43 45 70 76 86,7
2021-05-15,58,17,29,52,74,77,85,9.0,0.0,17 29 52 74 77 85,9
2021-05-17,59,21,46,48,62,89,90,6.0,0.0,21 46 48 62 89 90,6
2021-05-19,60,10,11,24,53,71,90,77.0,0.0,10 11 24 53 71 90,77
2021-05-22,61,1,11,56,59,80,81,40.0,0.0,1 11 56 59 80 81,40
2021-05-24,62,7,16,59,69,78,89,8.0,0.0,7 16 59 69 78 89,8
2021-05-26,63,47,48,49,52,58,85,15.0,0.0,47 48 49 52 58 85,15
2021-05-29,64,7,17,39,44,55,67,63.0,0.0,7 17 39 44 55 67,63
2021-05-31,65,6,21,32,58,88,90,82.0,0.0,6 21 32 58 88 90,82
2021-06-02,66,16,43,46,48,60,72,80.0,0.0,16 43 46 48 60 72,80
2021-06-05,67,2,7,30,32,67,73,34.0,0.0,2 7 30 32 67 73,34
2021-06-07,68,24,52,60,62,87,89,32.0,0.0,24 52 60 62 87 89,32
2021-06-09,69,15,26,61,66,79,82,80.0,0.0,15 26 61 66 79 82,80
2021-06-12,70,5,13,15,37,52,78,88.0,0.0,5 13 15 37 52 78,88
2021-06-14,71,13,23,40,41,62,77,1.0,0.0,13 23 40 41 62 77,1
2021-06-16,72,10,12,17,40,52,83,57.0,0.0,10 12 17 40 52 83,57
2021-06-19,73,21,24,25,48,72,76,43.0,0.0,21 24 25 48 72 76,43
2021-06-21,74,8,25,46,52,77,79,48.0,0.0,8 25 46 52 77 79,48
2021-06-23,75,28,48,59,61,65,67,47.0,0.0,28 48 59 61 65 67,47
2021-06-26,76,7,22,26,31,82,84,33.0,0.0,7 22 26 31 82 84,33
2021-06-28,77,7,44,45,57,62,66,88.0,0.0,7 44 45 57 62 66,88
2021-06-30,78,40,53,55,67,78,87,13.0,0.0,40 53 55 67 78 87,13
2021-07-03,79,14,52,56,76,84,85,35.0,0.0,14 52 56 76 84 85,35
2021-07-05,80,29,60,62,63,76,81,87.0,0.0,29 60 62 63 76 81,87
2021-07-07,81,11,23,42,47,48,59,18.0,0.0,11 23 42 47 48 59,18
2021-07-10,82,8,46,58,66,71,73,84.0,0.0,8 46 58 66 71 73,84
2021-07-12,83,2,19,23,51,73,90,42.0,0.0,2 19 23 51 73 90,42
2021-07-14,84,12,44,45,52,67,71,55.0,0.0,12 44 45 52 67 71,55
2021-07-17,85,1,5,6,43,52,55,84.0,0.0,1 5 6 43 52 55,84
2021-07-19,86,2,9,31,61,85,88,83.0,0.0,2 9 31 61 85 88,83
2021-07-21,87,8,22,52,60,83,89,39.0,0.0,8 22 52 60 83 89,39
2021-07-24,88,13,24,47,73,75,76,10.0,0.0,13 24 47 73 75 76,10
2021-07-26,89,1,8,50,68,83,87,43.0,0.0,1 8 50 68 83 87,43
2021-07-28,90,18,20,33,40,74,86,68.0,0.0,18 20 33 40 74 86,68
2021-07-31,91,8,14,15,16,36,64,33.0,0.0,8 14 15 16 36 64,33
2021-08-02,92,6,10,26,65,69,90,49.0,0.0,6 10 26 65 69 90,49
2021-08-04,93,23,33,35,51,59,67,89.0,0.0,23 33 35 51 59 67,89
2021-08-07,94,6,43,49,83,85,86,55.0,0.0,6 43 49 83 85 86,55
2021-08-09,95,22,30,42,44,66,77,18.0,0.0,22 30 42 44 66 77,18
2021-08-11,96,8,35,38,57,74,80,16.0,0.0,8 35 38 57 74 80,16
2021-08-14,97,2,5,44,64,71,80,54.0,0.0,2 5 44 64 71 80,54
2021-08-16,98,29,44,45,67,84,86,5.0,0.0,29 44 45 67 84 86,5
2021-08-18,99,36,41,48,59,64,84,54.0,0.0,36 41 48 59 64 84,54
2021-08-21,100,14,40,41,44,72,77,43.0,0.0,14 40 41 44 72 77,43
2021-08-23,101,12,14,23,31,32,87,77.0,0.0,12 14 23 31 32 87,77
2021-08-25,102,22,34,49,54,63,89,57.0,0.0,22 34 49 54 63 89,57
2021-08-27,116,29,32,50,61,80,84,24.0,0.0,29 32 50 61 80 84,24
2021-08-28,103,16,25,58,66,80,89,55.0,0.0,16 25 58 66 80 89,55
2021-08-30,104,30,46,48,68,87,88,42.0,0.0,30 46 48 68 87 88,42
2021-09-01,105,5,8,21,27,50,78,20.0,0.0,5 8 21 27 50 78,20
2021-09-04,106,3,21,27,32,40,49,26.0,0.0,3 21 27 32 40 49,26
2021-09-06,107,16,38,50,56,77,82,85.0,0.0,16 38 50 56 77 82,85
2021-09-08,108,23,51,53,58,68,75,54.0,0.0,23 51 53 58 68 75,54
2021-09-11,109,3,4,11,18,19,32,28.0,0.0,3 4 11 18 19 32,28
2021-09-13,110,9,12,20,25,41,89,76.0,0.0,9 12 20 25 41 89,76
2021-09-15,111,6,33,49,65,68,80,20.0,0.0,6 33 49 65 68 80,20
2021-09-18,112,9,19,47,48,67,90,20.0,0.0,9 19 47 48 67 90,20
2021-09-20,113,1,12,15,16,20,70,54.0,0.0,1 12 15 16 20 70,54
2021-09-22,114,11,13,37,42,59,82,78.0,0.0,11 13 37 42 59 82,78
2021-09-25,115,4,22,24,27,72,77,32.0,0.0,4 22 24 27 72 77,32
2021-09-29,117,11,14,24,47,67,84,90.0,0.0,11 14 24 47 67 84,90
2021-10-02,118,15,33,43,63,80,90,86.0,0.0,15 33 43 63 80 90,86
2021-10-04,119,1,19,26,41,69,77,90.0,0.0,1 19 26 41 69 77,90
2021-10-06,120,2,3,4,36,44,89,34.0,0.0,2 3 4 36 44 89,34
2021-10-09,121,16,18,50,52,69,86,17.0,0.0,16 18 50 52 69 86,17
2021-10-11,122,17,42,50,76,84,89,12.0,0.0,17 42 50 76 84 89,12
2021-10-13,123,5,39,58,60,66,75,86.0,0.0,5 39 58 60 66 75,86
2021-10-16,124,17,24,27,47,57,68,13.0,0.0,17 24 27 47 57 68,13
2021-10-18,125,23,26,34,44,46,56,49.0,0.0,23 26 34 44 46 56,49
2021-10-20,126,5,11,30,40,56,61,46.0,62.0,5 11 30 40 56 61,46 62
2021-10-23,127,26,36,49,74,80,81,61.0,16.0,26 36 49 74 80 81,61 16
2021-10-25,128,7,22,30,37,60,67,61.0,31.0,7 22 30 37 60 67,61 31
2021-10-27,129,2,18,25,36,45,65,26.0,24.0,2 18 25 36 45 65,26 24
2021-10-30,130,36,40,41,54,55,64,48.0,16.0,36 40 41 54 55 64,48 16
2021-11-01,131,34,44,62,69,72,86,27.0,70.0,34 44 62 69 72 86,27 70
2021-11-03,132,16,24,40,57,68,78,37.0,1.0,16 24 40 57 68 78,37 1
2021-11-06,133,23,35,37,52,59,65,73.0,28.0,23 35 37 52 59 65,73 28
2021-11-08,134,16,25,36,54,56,61,4.0,84.0,16 25 36 54 56 61,4 84
2021-11-10,135,8,31,32,55,65,71,84.0,21.0,8 31 32 55 65 71,84 21
2021-11-13,136,31,47,67,74,79,86,29.0,65.0,31 47 67 74 79 86,29 65
2021-11-15,137,13,15,43,51,71,88,50.0,84.0,13 15 43 51 71 88,50 84
2021-11-17,138,53,56,61,65,71,81,16.0,55.0,53 56 61 65 71 81,16 55
2021-11-20,139,13,43,48,53,63,67,74.0,13.0,13 43 48 53 63 67,74 13
2021-11-22,140,7,47,48,62,69,83,23.0,83.0,7 47 48 62 69 83,23 83
2021-11-24,141,32,52,71,73,77,84,15.0,16.0,32 52 71 73 77 84,15 16
2021-11-27,142,17,43,46,61,69,89,41.0,56.0,17 43 46 61 69 89,41 56
2021-11-29,143,27,35,37,42,60,63,49.0,20.0,27 35 37 42 60 63,49 20
2021-12-01,144,5,34,47,61,64,66,48.0,9.0,5 34 47 61 64 66,48 9
2021-12-04,145,15,36,39,45,81,89,69.0,22.0,15 36 39 45 81 89,69 22
2021-12-06,146,35,37,38,56,79,88,36.0,26.0,35 37 38 56 79 88,36 26
2021-12-08,147,5,17,26,44,58,71,63.0,56.0,5 17 26 44 58 71,63 56
2021-12-11,148,18,33,41,59,77,87,6.0,24.0,18 33 41 59 77 87,6 24
2021-12-13,149,1,9,18,41,56,79,83.0,11.0,1 9 18 41 56 79,83 11
2021-12-15,150,2,21,24,45,83,84,58.0,35.0,2 21 24 45 83 84,58 35
2021-12-18,151,2,13,14,33,63,88,70.0,27.0,2 13 14 33 63 88,70 27
2021-12-20,152,7,18,63,67,69,78,10.0,24.0,7 18 63 67 69 78,10 24
2021-12-22,153,6,12,14,48,55,72,18.0,2.0,6 12 14 48 55 72,18 2
2021-12-25,154,10,45,53,66,77,88,64.0,49.0,10 45 53 66 77 88,64 49
2021-12-27,155,6,36,54,55,85,88,64.0,44.0,6 36 54 55 85 88,64 44
2021-12-29,156,34,43,47,57,73,89,85.0,35.0,34 43 47 57 73 89,85 35
2022-01-01,1,9,60,72,77,78,90,20.0,77.0,9 60 72 77 78 90,20 77
2022-01-03,2,25,36,45,57,70,87,86.0,46.0,25 36 45 57 70 87,86 46
2022-01-05,3,7,18,20,37,61,88,10.0,13.0,7 18 20 37 61 88,10 13
2022-01-08,4,18,39,49,60,75,77,13.0,87.0,18 39 49 60 75 77,13 87
2022-01-10,5,36,55,60,64,70,86,44.0,56.0,36 55 60 64 70 86,44 56
2022-01-12,6,1,9,39,59,64,68,55.0,24.0,1 9 39 59 64 68,55 24
2022-01-15,7,6,19,22,23,27,84,26.0,25.0,6 19 22 23 27 84,26 25
2022-01-17,8,4,25,32,44,67,75,54.0,78.0,4 25 32 44 67 75,54 78
2022-01-19,9,17,40,47,50,63,75,14.0,40.0,17 40 47 50 63 75,14 40
2022-01-22,10,15,56,61,64,68,86,4.0,74.0,15 56 61 64 68 86,4 74
2022-01-24,11,6,24,37,56,71,83,10.0,36.0,6 24 37 56 71 83,10 36
2022-01-26,12,30,50,58,71,87,88,15.0,17.0,30 50 58 71 87 88,15 17
2022-01-29,13,3,8,23,61,63,64,65.0,11.0,3 8 23 61 63 64,65 11
2022-01-31,14,17,28,44,59,66,80,90.0,29.0,17 28 44 59 66 80,90 29
2022-02-02,15,31,38,40,42,50,71,64.0,53.0,31 38 40 42 50 71,64 53
2022-02-05,16,6,12,66,75,76,78,27.0,76.0,6 12 66 75 76 78,27 76
2022-02-07,17,1,12,51,57,64,76,78.0,44.0,1 12 51 57 64 76,78 44
2022-02-09,18,9,29,43,60,68,69,56.0,81.0,9 29 43 60 68 69,56 81
2022-02-14,20,23,25,37,43,45,67,87.0,54.0,23 25 37 43 45 67,87 54
2022-02-16,21,28,39,42,68,71,74,19.0,37.0,28 39 42 68 71 74,19 37
2022-02-21,23,3,28,52,87,89,90,27.0,25.0,3 28 52 87 89 90,27 25
2022-02-23,24,10,25,28,56,66,86,41.0,66.0,10 25 28 56 66 86,41 66
2022-02-26,25,18,59,64,74,79,80,85.0,31.0,18 59 64 74 79 80,85 31
2022-02-28,26,14,23,40,41,42,53,46.0,5.0,14 23 40 41 42 53,46 5
2022-03-02,27,25,69,70,76,81,84,12.0,61.0,25 69 70 76 81 84,12 61
2022-03-05,28,18,19,42,47,53,89,73.0,89.0,18 19 42 47 53 89,73 89
2022-03-07,29,9,25,41,52,78,86,57.0,5.0,9 25 41 52 78 86,57 5
2022-03-09,30,15,32,68,69,81,84,29.0,17.0,15 32 68 69 81 84,29 17
2022-03-12,31,25,29,44,61,76,79,35.0,40.0,25 29 44 61 76 79,35 40
2022-03-14,32,19,32,40,42,47,58,61.0,42.0,19 32 40 42 47 58,61 42
2022-03-16,33,31,40,42,45,73,89,90.0,47.0,31 40 42 45 73 89,90 47
2022-03-19,34,9,20,22,23,25,86,2.0,82.0,9 20 22 23 25 86,2 82
2022-03-21,35,15,18,49,56,68,79,47.0,80.0,15 18 49 56 68 79,47 80
2022-03-23,36,6,13,19,31,70,84,51.0,70.0,6 13 19 31 70 84,51 70
2022-03-26,37,8,11,22,41,44,59,19.0,59.0,8 11 22 41 44 59,19 59
2022-03-28,38,5,33,36,51,68,78,15.0,5.0,5 33 36 51 68 78,15 5
2022-03-30,39,1,13,49,56,78,88,19.0,13.0,1 13 49 56 78 88,19 13
2022-04-02,40,15,44,72,75,80,88,76.0,40.0,15 44 72 75 80 88,76 40
2022-04-04,41,3,8,13,22,71,73,58.0,6.0,3 8 13 22 71 73,58 6
2022-04-06,42,5,29,44,59,64,89,26.0,53.0,5 29 44 59 64 89,26 53
2022-04-09,43,3,6,23,53,62,71,90.0,28.0,3 6 23 53 62 71,90 28
2022-04-11,44,26,31,33,46,60,72,84.0,15.0,26 31 33 46 60 72,84 15
2022-04-13,45,6,38,49,62,72,82,40.0,65.0,6 38 49 62 72 82,40 65
2022-04-16,46,16,22,47,78,79,80,23.0,75.0,16 22 47 78 79 80,23 75
2022-04-18,47,25,27,38,68,73,88,49.0,23.0,25 27 38 68 73 88,49 23
2022-04-20,48,4,13,15,75,79,86,12.0,69.0,4 13 15 75 79 86,12 69
2022-04-23,49,1,3,31,70,83,86,18.0,34.0,1 3 31 70 83 86,18 34
2022-04-27,51,29,32,35,47,64,73,68.0,72.0,29 32 35 47 64 73,68 72
2022-04-30,52,9,12,36,39,57,72,37.0,46.0,9 12 36 39 57 72,37 46
2022-05-02,53,12,23,41,45,53,77,70.0,32.0,12 23 41 45 53 77,70 32
2022-05-04,54,26,35,39,43,48,51,67.0,69.0,26 35 39 43 48 51,67 69
2022-05-05,56,7,10,32,53,63,75,37.0,50.0,7 10 32 53 63 75,37 50
2022-05-07,55,7,8,12,35,68,73,77.0,57.0,7 8 12 35 68 73,77 57
2022-05-11,57,11,27,54,57,65,82,78.0,63.0,11 27 54 57 65 82,78 63
2022-05-14,58,1,14,38,56,66,71,25.0,49.0,1 14 38 56 66 71,25 49
2022-05-15,63,4,18,24,34,60,86,8.0,21.0,4 18 24 34 60 86,8 21
2022-05-16,59,26,53,56,57,67,80,2.0,81.0,26 53 56 57 67 80,2 81
2022-05-18,60,14,23,43,57,74,88,28.0,61.0,14 23 43 57 74 88,28 61
2022-05-21,61,21,46,62,73,87,90,86.0,53.0,21 46 62 73 87 90,86 53
2022-05-23,62,9,11,25,26,66,85,5.0,19.0,9 11 25 26 66 85,5 19
2022-05-28,64,9,20,26,35,38,78,72.0,81.0,9 20 26 35 38 78,72 81
2022-05-30,65,7,20,28,34,46,86,9.0,35.0,7 20 28 34 46 86,9 35
2022-06-01,66,20,53,59,66,76,79,40.0,14.0,20 53 59 66 76 79,40 14
2022-06-04,67,23,42,57,71,79,89,80.0,77.0,23 42 57 71 79 89,80 77
2022-06-06,68,9,24,33,37,62,65,77.0,38.0,9 24 33 37 62 65,77 38
2022-06-08,69,26,50,58,69,73,88,32.0,48.0,26 50 58 69 73 88,32 48
2022-06-11,70,4,29,55,64,72,83,24.0,84.0,4 29 55 64 72 83,24 84
2022-06-13,71,2,3,25,57,60,86,45.0,6.0,2 3 25 57 60 86,45 6
2022-06-15,72,7,22,28,57,86,89,17.0,30.0,7 22 28 57 86 89,17 30
2022-06-18,73,10,20,36,49,67,71,56.0,19.0,10 20 36 49 67 71,56 19
2022-06-20,74,14,31,40,53,61,88,60.0,87.0,14 31 40 53 61 88,60 87
2022-06-22,75,16,18,36,37,69,77,57.0,3.0,16 18 36 37 69 77,57 3
2022-06-25,76,9,15,25,46,49,71,39.0,20.0,9 15 25 46 49 71,39 20
2022-06-27,77,25,45,48,55,79,82,60.0,2.0,25 45 48 55 79 82,60 2
2022-06-29,78,1,12,19,22,53,67,65.0,5.0,1 12 19 22 53 67,65 5
2022-07-02,79,12,36,42,71,86,89,33.0,62.0,12 36 42 71 86 89,33 62
2022-07-04,80,20,21,55,81,86,88,90.0,32.0,20 21 55 81 86 88,90 32
2022-07-06,81,49,79,81,82,83,88,52.0,85.0,49 79 81 82 83 88,52 85
2022-07-09,82,15,81,83,87,88,90,16.0,23.0,15 81 83 87 88 90,16 23
2022-07-11,83,8,22,23,40,51,89,60.0,89.0,8 22 23 40 51 89,60 89
2022-07-13,84,3,8,21,46,60,90,57.0,87.0,3 8 21 46 60 90,57 87
2022-07-16,85,10,17,26,29,75,80,32.0,90.0,10 17 26 29 75 80,32 90
2022-07-18,86,9,11,27,51,62,72,18.0,81.0,9 11 27 51 62 72,18 81
2022-07-20,87,8,25,32,41,46,49,10.0,21.0,8 25 32 41 46 49,10 21
2022-07-23,88,9,10,28,40,53,76,39.0,12.0,9 10 28 40 53 76,39 12
2022-07-25,89,8,15,23,34,46,73,47.0,39.0,8 15 23 34 46 73,47 39
2022-07-27,90,3,4,19,84,85,87,11.0,68.0,3 4 19 84 85 87,11 68
2022-07-30,91,16,18,43,53,58,78,46.0,71.0,16 18 43 53 58 78,46 71
2022-08-01,92,4,38,63,80,86,87,39.0,50.0,4 38 63 80 86 87,39 50
2022-08-03,93,5,12,13,14,32,71,79.0,24.0,5 12 13 14 32 71,79 24
2022-08-06,94,11,13,16,28,53,58,77.0,23.0,11 13 16 28 53 58,77 23
2022-08-08,95,13,17,26,29,34,90,72.0,21.0,13 17 26 29 34 90,72 21
2022-08-10,96,9,13,19,28,46,69,88.0,28.0,9 13 19 28 46 69,88 28
2022-08-13,97,24,46,61,69,79,86,15.0,69.0,24 46 61 69 79 86,15 69
2022-08-15,98,3,10,28,45,67,76,39.0,51.0,3 10 28 45 67 76,39 51
2022-08-17,99,11,26,28,64,74,87,67.0,52.0,11 26 28 64 74 87,67 52
2022-08-20,100,34,37,44,66,74,83,68.0,2.0,34 37 44 66 74 83,68 2
2022-08-22,101,10,12,14,31,60,69,4.0,86.0,10 12 14 31 60 69,4 86
2022-08-24,102,3,22,38,77,82,87,56.0,71.0,3 22 38 77 82 87,56 71
2022-08-27,103,5,9,28,29,50,81,89.0,84.0,5 9 28 29 50 81,89 84
2022-08-29,104,13,24,34,47,76,82,86.0,74.0,13 24 34 47 76 82,86 74
2022-08-31,105,25,45,56,72,83,89,58.0,28.0,25 45 56 72 83 89,58 28
2022-09-03,106,33,36,41,43,69,74,6.0,80.0,33 36 41 43 69 74,6 80
2022-09-05,107,9,16,39,49,56,77,73.0,86.0,9 16 39 49 56 77,73 86
2022-09-07,108,8,22,25,37,70,78,46.0,50.0,8 22 25 37 70 78,46 50
2022-09-10,109,13,19,27,32,35,84,74.0,60.0,13 19 27 32 35 84,74 60
2022-09-12,110,12,14,24,27,65,67,31.0,74.0,12 14 24 27 65 67,31 74
2022-09-14,111,18,34,52,64,66,67,60.0,23.0,18 34 52 64 66 67,60 23
2022-09-17,112,55,56,60,66,79,81,4.0,5.0,55 56 60 66 79 81,4 5
2022-09-19,113,15,23,35,39,56,64,9.0,17.0,15 23 35 39 56 64,9 17
2022-09-21,114,1,3,41,43,49,86,62.0,56.0,1 3 41 43 49 86,62 56
2022-09-24,115,2,7,15,20,21,43,25.0,47.0,2 7 15 20 21 43,25 47
2022-09-26,116,40,44,66,82,84,87,47.0,75.0,40 44 66 82 84 87,47 75
2022-10-01,118,22,28,43,44,45,46,29.0,47.0,22 28 43 44 45 46,29 47
2022-10-03,119,21,25,35,65,78,90,32.0,74.0,21 25 35 65 78 90,32 74
2022-10-05,120,1,3,25,30,62,75,17.0,56.0,1 3 25 30 62 75,17 56
2022-10-08,121,14,16,30,52,63,72,28.0,40.0,14 16 30 52 63 72,28 40
2022-10-10,122,14,28,46,56,57,58,40.0,37.0,14 28 46 56 57 58,40 37
2022-10-12,123,4,15,18,46,85,90,86.0,26.0,4 15 18 46 85 90,86 26
2022-10-15,124,13,24,27,45,65,81,88.0,48.0,13 24 27 45 65 81,88 48
2022-10-17,125,6,31,61,68,71,78,18.0,2.0,6 31 61 68 71 78,18 2
2022-10-19,126,23,24,29,33,60,75,85.0,36.0,23 24 29 33 60 75,85 36
2022-10-22,127,2,4,11,36,49,69,33.0,52.0,2 4 11 36 49 69,33 52
2022-10-24,128,13,24,50,59,65,80,14.0,73.0,13 24 50 59 65 80,14 73
2022-10-26,129,29,31,40,67,81,90,88.0,22.0,29 31 40 67 81 90,88 22
2022-10-29,130,1,3,7,17,41,46,21.0,20.0,1 3 7 17 41 46,21 20
2022-10-31,131,1,4,64,67,77,88,59.0,68.0,1 4 64 67 77 88,59 68
2022-11-02,132,6,22,23,40,78,79,74.0,1.0,6 22 23 40 78 79,74 1
2022-11-05,133,28,36,44,71,78,88,65.0,4.0,28 36 44 71 78 88,65 4
2022-11-07,134,37,55,58,64,66,72,16.0,79.0,37 55 58 64 66 72,16 79
2022-11-09,135,14,42,46,71,77,85,64.0,82.0,14 42 46 71 77 85,64 82
2022-11-12,136,28,33,52,61,68,69,70.0,41.0,28 33 52 61 68 69,70 41
2022-11-14,137,2,5,10,12,55,67,90.0,74.0,2 5 10 12 55 67,90 74
2022-11-16,138,37,38,63,66,78,85,73.0,67.0,37 38 63 66 78 85,73 67
2022-11-19,139,9,19,41,55,63,68,11.0,89.0,9 19 41 55 63 68,11 89
2022-11-21,140,8,29,54,65,76,87,25.0,46.0,8 29 54 65 76 87,25 46
2022-11-23,141,2,26,27,31,60,71,14.0,77.0,2 26 27 31 60 71,14 77
2022-11-26,142,2,12,21,58,63,64,70.0,26.0,2 12 21 58 63 64,70 26
2022-11-28,143,13,28,34,67,77,81,36.0,71.0,13 28 34 67 77 81,36 71
2022-11-30,144,8,14,26,30,83,84,17.0,52.0,8 14 26 30 83 84,17 52
2022-12-03,145,4,12,14,52,68,76,57.0,67.0,4 12 14 52 68 76,57 67
2022-12-05,146,38,44,51,60,66,80,11.0,14.0,38 44 51 60 66 80,11 14
2022-12-07,147,4,14,26,39,47,64,11.0,53.0,4 14 26 39 47 64,11 53
2022-12-10,148,1,41,59,63,65,86,27.0,60.0,1 41 59 63 65 86,27 60
2022-12-12,149,6,16,27,32,62,68,57.0,42.0,6 16 27 32 62 68,57 42
2022-12-14,150,13,27,29,34,58,82,38.0,13.0,13 27 29 34 58 82,38 13
2022-12-17,151,7,13,39,41,65,69,45.0,66.0,7 13 39 41 65 69,45 66
2022-12-19,152,32,35,42,74,80,84,58.0,83.0,32 35 42 74 80 84,58 83
2022-12-21,153,51,54,63,67,77,88,9.0,24.0,51 54 63 67 77 88,9 24
2022-12-24,154,9,31,34,75,80,86,50.0,62.0,9 31 34 75 80 86,50 62
2022-12-26,155,4,18,23,33,71,89,54.0,63.0,4 18 23 33 71 89,54 63
2022-12-28,156,11,28,52,71,77,87,12.0,69.0,11 28 52 71 77 87,12 69
2022-12-30,157,16,22,42,64,68,84,51.0,76.0,16 22 42 64 68 84,51 76
2023-01-02,1,2,6,9,25,50,65,79.0,70.0,2 6 9 25 50 65,79 70
2023-01-04,2,5,28,48,60,63,80,46.0,62.0,5 28 48 60 63 80,46 62
2023-01-07,3,21,45,51,58,63,87,15.0,44.0,21 45 51 58 63 87,15 44
2023-01-09,4,4,21,23,33,35,48,12.0,73.0,4 21 23 33 35 48,12 73
2023-01-11,5,1,22,32,50,74,81,33.0,69.0,1 22 32 50 74 81,33 69
2023-01-14,6,8,34,56,77,85,89,6.0,32.0,8 34 56 77 85 89,6 32
2023-01-16,7,2,23,34,41,57,70,49.0,79.0,2 23 34 41 57 70,49 79
2023-01-18,8,10,22,35,44,52,85,81.0,64.0,10 22 35 44 52 85,81 64
2023-01-21,9,39,49,62,81,87,88,14.0,14.0,39 49 62 81 87 88,14 14
2023-01-23,10,4,17,30,65,69,78,33.0,3.0,4 17 30 65 69 78,33 3
2023-01-25,11,26,29,40,63,70,88,72.0,65.0,26 29 40 63 70 88,72 65
2023-01-28,12,7,11,29,44,45,84,51.0,76.0,7 11 29 44 45 84,51 76
2023-01-30,13,7,61,63,75,83,89,71.0,71.0,7 61 63 75 83 89,71 71
2023-02-01,14,12,13,79,87,88,89,29.0,87.0,12 13 79 87 88 89,29 87
2023-02-03,15,33,38,47,57,81,85,49.0,41.0,33 38 47 57 81 85,49 41
2023-02-04,15,25,31,37,38,56,85,29.0,15.0,25 31 37 38 56 85,29 15
2023-02-06,16,12,30,48,52,61,82,55.0,30.0,12 30 48 52 61 82,55 30
2023-02-08,17,5,6,21,44,71,79,43.0,87.0,5 6 21 44 71 79,43 87
2023-02-11,18,6,11,16,46,59,69,25.0,52.0,6 11 16 46 59 69,25 52
2023-02-13,19,4,7,23,37,40,50,75.0,55.0,4 7 23 37 40 50,75 55
2023-02-15,20,11,32,59,60,67,85,26.0,70.0,11 32 59 60 67 85,26 70
2023-02-18,21,20,23,40,60,83,85,64.0,4.0,20 23 40 60 83 85,64 4
2023-02-20,22,5,13,42,45,68,81,41.0,3.0,5 13 42 45 68 81,41 3
2023-02-22,23,21,24,63,72,80,86,46.0,85.0,21 24 63 72 80 86,46 85
2023-02-25,24,1,17,25,55,62,77,13.0,82.0,1 17 25 55 62 77,13 82
2023-02-27,25,6,7,71,74,82,86,38.0,73.0,6 7 71 74 82 86,38 73
2023-03-01,26,5,6,8,24,57,58,87.0,59.0,5 6 8 24 57 58,87 59
2023-03-04,27,48,57,62,74,87,88,42.0,8.0,48 57 62 74 87 88,42 8
2023-03-06,28,5,7,38,57,64,66,16.0,76.0,5 7 38 57 64 66,16 76
2023-03-08,29,28,29,30,37,61,71,10.0,9.0,28 29 30 37 61 71,10 9
2023-03-11,30,23,38,45,66,77,83,75.0,2.0,23 38 45 66 77 83,75 2
2023-03-13,31,5,30,78,81,83,90,62.0,21.0,5 30 78 81 83 90,62 21
2023-03-15,32,11,28,29,58,68,78,24.0,26.0,11 28 29 58 68 78,24 26
2023-03-18,33,11,18,30,60,81,84,17.0,61.0,11 18 30 60 81 84,17 61
2023-03-20,34,11,14,15,25,26,74,64.0,58.0,11 14 15 25 26 74,64 58
2023-03-22,35,3,29,58,68,69,77,42.0,14.0,3 29 58 68 69 77,42 14
2023-03-25,36,6,37,66,72,77,83,1.0,53.0,6 37 66 72 77 83,1 53
2023-03-27,37,23,25,36,38,82,83,16.0,34.0,23 25 36 38 82 83,16 34
2023-03-29,38,21,33,49,50,51,55,76.0,59.0,21 33 49 50 51 55,76 59
2023-04-01,39,10,28,38,70,86,89,13.0,8.0,10 28 38 70 86 89,13 8
2023-04-03,40,2,11,47,61,80,89,74.0,13.0,2 11 47 61 80 89,74 13
2023-04-05,41,25,36,39,47,55,58,51.0,70.0,25 36 39 47 55 58,51 70
2023-04-08,42,5,20,21,31,40,51,24.0,80.0,5 20 21 31 40 51,24 80
2023-04-10,43,1,2,11,33,38,89,81.0,50.0,1 2 11 33 38 89,81 50
2023-04-12,44,38,42,63,65,82,85,9.0,72.0,38 42 63 65 82 85,9 72
2023-04-15,45,9,26,39,43,56,64,87.0,9.0,9 26 39 43 56 64,87 9
2023-04-17,46,5,6,18,25,48,72,2.0,70.0,5 6 18 25 48 72,2 70
2023-04-19,47,35,41,42,46,70,87,7.0,62.0,35 41 42 46 70 87,7 62
2023-04-22,48,7,8,11,20,46,76,5.0,18.0,7 8 11 20 46 76,5 18
2023-04-24,49,12,15,45,62,74,84,76.0,50.0,12 15 45 62 74 84,76 50
2023-04-26,50,8,25,53,62,71,82,28.0,25.0,8 25 53 62 71 82,28 25
2023-04-29,51,8,11,41,58,84,87,63.0,76.0,8 11 41 58 84 87,63 76
2023-05-01,52,34,39,43,49,56,57,52.0,43.0,34 39 43 49 56 57,52 43
2023-05-03,53,7,18,45,47,61,88,60.0,13.0,7 18 45 47 61 88,60 13
2023-05-06,54,21,29,66,67,82,87,55.0,65.0,21 29 66 67 82 87,55 65
2023-05-08,55,9,15,46,47,57,67,86.0,14.0,9 15 46 47 57 67,86 14
2023-05-10,56,17,30,35,62,89,90,28.0,7.0,17 30 35 62 89 90,28 7
2023-05-13,57,25,49,66,80,81,88,55.0,90.0,25 49 66 80 81 88,55 90
2023-05-15,58,10,13,20,31,69,87,56.0,56.0,10 13 20 31 69 87,56 56
2023-05-19,59,14,29,40,46,79,89,19.0,66.0,14 29 40 46 79 89,19 66
2023-05-20,60,3,14,18,51,62,68,31.0,84.0,3 14 18 51 62 68,31 84
2023-05-22,61,18,36,45,48,49,69,58.0,68.0,18 36 45 48 49 69,58 68
2023-05-24,62,11,37,38,40,49,78,59.0,69.0,11 37 38 40 49 78,59 69
2023-05-27,63,20,22,32,46,56,75,66.0,77.0,20 22 32 46 56 75,66 77
2023-05-29,64,8,15,47,63,69,86,18.0,59.0,8 15 47 63 69 86,18 59
2023-05-31,65,1,7,10,30,49,66,46.0,43.0,1 7 10 30 49 66,46 43
2023-06-03,66,24,26,43,54,62,85,8.0,43.0,24 26 43 54 62 85,8 43
2023-06-05,67,15,56,67,69,88,89,1.0,54.0,15 56 67 69 88 89,1 54
2023-06-05,93,18,26,34,43,52,80,36.0,45.0,18 26 34 43 52 80,36 45
2023-06-07,68,1,12,41,49,55,71,8.0,34.0,1 12 41 49 55 71,8 34
2023-06-10,69,2,37,39,45,50,52,34.0,17.0,2 37 39 45 50 52,34 17
2023-06-12,70,1,12,46,58,80,86,30.0,50.0,1 12 46 58 80 86,30 50
2023-06-14,71,4,9,34,38,89,90,86.0,67.0,4 9 34 38 89 90,86 67
2023-06-17,72,7,30,32,33,34,35,54.0,55.0,7 30 32 33 34 35,54 55
2023-06-18,77,14,19,72,73,75,82,28.0,72.0,14 19 72 73 75 82,28 72
2023-06-19,73,9,22,27,50,74,86,2.0,76.0,9 22 27 50 74 86,2 76
2023-06-21,74,10,25,39,47,52,72,61.0,26.0,10 25 39 47 52 72,61 26
2023-06-24,75,18,51,64,66,84,87,24.0,24.0,18 51 64 66 84 87,24 24
2023-06-26,76,51,64,69,70,78,85,42.0,42.0,51 64 69 70 78 85,42 42
2023-07-01,78,3,19,24,41,46,50,4.0,13.0,3 19 24 41 46 50,4 13
2023-07-03,79,7,14,52,71,77,87,46.0,89.0,7 14 52 71 77 87,46 89
2023-07-05,80,4,16,37,38,64,81,22.0,79.0,4 16 37 38 64 81,22 79
2023-07-08,81,10,37,45,67,73,84,68.0,45.0,10 37 45 67 73 84,68 45
2023-07-10,82,27,42,45,53,63,81,85.0,78.0,27 42 45 53 63 81,85 78
2023-07-12,83,21,30,31,40,51,71,54.0,59.0,21 30 31 40 51 71,54 59
2023-07-15,84,14,28,41,45,66,87,39.0,4.0,14 28 41 45 66 87,39 4
2023-07-17,85,5,30,55,62,66,78,79.0,16.0,5 30 55 62 66 78,79 16
2023-07-19,86,25,28,44,60,77,89,47.0,13.0,25 28 44 60 77 89,47 13
2023-07-22,87,12,34,52,56,59,82,15.0,71.0,12 34 52 56 59 82,15 71
2023-07-24,88,4,12,31,38,68,83,9.0,48.0,4 12 31 38 68 83,9 48
2023-07-26,89,10,20,23,30,83,89,7.0,80.0,10 20 23 30 83 89,7 80
2023-07-29,90,33,45,63,66,74,89,67.0,89.0,33 45 63 66 74 89,67 89
2023-07-31,91,1,26,34,56,64,67,71.0,14.0,1 26 34 56 64 67,71 14
2023-08-02,92,4,32,64,71,82,89,3.0,21.0,4 32 64 71 82 89,3 21
2023-08-02,95,20,36,39,69,71,75,88.0,42.0,20 36 39 69 71 75,88 42
2023-08-07,94,21,34,40,51,79,88,33.0,30.0,21 34 40 51 79 88,33 30
2023-08-12,96,39,59,60,63,81,84,7.0,60.0,39 59 60 63 81 84,7 60
2023-08-14,97,5,6,31,66,67,77,64.0,89.0,5 6 31 66 67 77,64 89
2023-08-16,98,45,58,66,79,84,89,9.0,64.0,45 58 66 79 84 89,9 64
2023-08-19,99,37,45,48,55,73,84,24.0,68.0,37 45 48 55 73 84,24 68
2023-08-21,100,17,20,32,33,49,57,40.0,18.0,17 20 32 33 49 57,40 18
2023-08-23,101,9,18,24,42,76,86,71.0,10.0,9 18 24 42 76 86,71 10
2023-08-26,102,15,30,72,76,78,79,51.0,51.0,15 30 72 76 78 79,51 51
2023-08-28,103,1,29,36,48,60,89,67.0,56.0,1 29 36 48 60 89,67 56
2023-08-30,104,6,20,40,46,47,48,28.0,71.0,6 20 40 46 47 48,28 71
2023-09-02,105,29,36,38,43,49,78,46.0,65.0,29 36 38 43 49 78,46 65
2023-09-04,106,3,37,70,80,86,90,39.0,2.0,3 37 70 80 86 90,39 2
2023-09-06,107,12,35,45,60,68,70,27.0,35.0,12 35 45 60 68 70,27 35
2023-09-09,108,1,2,13,16,24,47,11.0,17.0,1 2 13 16 24 47,11 17
2023-09-11,109,3,14,20,40,79,84,35.0,67.0,3 14 20 40 79 84,35 67
2023-09-13,110,11,14,50,54,61,73,30.0,7.0,11 14 50 54 61 73,30 7
2023-09-16,111,14,45,67,73,82,88,89.0,85.0,14 45 67 73 82 88,89 85
2023-09-18,112,39,40,42,45,50,55,69.0,15.0,39 40 42 45 50 55,69 15
2023-09-20,113,26,34,38,43,68,76,44.0,11.0,26 34 38 43 68 76,44 11
2023-09-23,114,1,11,34,40,60,72,75.0,19.0,1 11 34 40 60 72,75 19
2023-09-25,115,15,23,25,76,79,89,83.0,34.0,15 23 25 76 79 89,83 34
2023-09-27,116,32,50,57,69,70,75,5.0,65.0,32 50 57 69 70 75,5 65
2023-09-30,117,22,27,28,62,75,76,16.0,46.0,22 27 28 62 75 76,16 46
2023-10-02,118,3,19,45,58,62,88,34.0,16.0,3 19 45 58 62 88,34 16
2023-10-04,119,5,22,39,61,75,80,66.0,55.0,5 22 39 61 75 80,66 55
2023-10-07,120,20,22,36,65,66,69,16.0,53.0,20 22 36 65 66 69,16 53
2023-10-09,121,19,26,28,38,59,77,57.0,66.0,19 26 28 38 59 77,57 66
2023-10-11,122,10,14,38,43,50,81,12.0,35.0,10 14 38 43 50 81,12 35
2023-10-14,123,4,59,76,83,86,90,38.0,69.0,4 59 76 83 86 90,38 69
2023-10-16,124,2,12,15,31,48,58,71.0,66.0,2 12 15 31 48 58,71 66
2023-10-18,125,49,51,60,61,66,73,31.0,51.0,49 51 60 61 66 73,31 51
2023-10-21,126,13,18,32,37,58,75,26.0,21.0,13 18 32 37 58 75,26 21
2023-10-23,127,35,37,59,60,75,85,28.0,25.0,35 37 59 60 75 85,28 25
2023-10-25,128,11,20,42,47,54,57,2.0,29.0,11 20 42 47 54 57,2 29
2023-10-28,129,1,2,11,20,21,41,26.0,35.0,1 2 11 20 21 41,26 35
2023-10-30,130,6,34,46,66,71,83,42.0,77.0,6 34 46 66 71 83,42 77
2023-11-01,131,2,31,33,65,69,87,85.0,71.0,2 31 33 65 69 87,85 71
2023-11-04,132,8,42,64,76,83,86,46.0,30.0,8 42 64 76 83 86,46 30
2023-11-06,133,22,34,36,46,50,69,83.0,60.0,22 34 36 46 50 69,83 60
2023-11-08,134,6,19,44,45,50,81,38.0,25.0,6 19 44 45 50 81,38 25
2023-11-11,135,24,30,56,60,63,85,34.0,18.0,24 30 56 60 63 85,34 18
2023-11-13,136,43,60,68,71,74,90,54.0,21.0,43 60 68 71 74 90,54 21
2023-11-15,137,31,33,38,56,67,78,26.0,56.0,31 33 38 56 67 78,26 56
2023-11-18,138,3,49,55,76,81,86,36.0,61.0,3 49 55 76 81 86,36 61
2023-11-20,139,24,25,31,68,74,75,62.0,53.0,24 25 31 68 74 75,62 53
2023-11-22,140,2,5,15,23,36,49,66.0,64.0,2 5 15 23 36 49,66 64
2023-11-25,141,25,28,40,50,53,90,80.0,6.0,25 28 40 50 53 90,80 6
2023-11-27,142,32,35,36,47,62,63,1.0,57.0,32 35 36 47 62 63,1 57
2023-11-29,143,13,42,44,52,67,75,21.0,77.0,13 42 44 52 67 75,21 77
2023-12-02,144,43,48,51,69,82,86,29.0,5.0,43 48 51 69 82 86,29 5
2023-12-04,145,5,29,36,39,47,51,78.0,18.0,5 29 36 39 47 51,78 18
2023-12-06,146,14,16,44,59,70,89,73.0,43.0,14 16 44 59 70 89,73 43
2023-12-09,147,9,22,29,53,72,87,58.0,12.0,9 22 29 53 72 87,58 12
2023-12-11,148,27,36,41,47,59,67,5.0,24.0,27 36 41 47 59 67,5 24
2023-12-13,149,1,13,20,78,86,87,50.0,5.0,1 13 20 78 86 87,50 5
2023-12-16,150,4,10,24,41,87,88,1.0,74.0,4 10 24 41 87 88,1 74
2023-12-18,151,33,45,53,80,85,89,77.0,39.0,33 45 53 80 85 89,77 39
2023-12-20,152,1,16,45,50,54,78,66.0,36.0,1 16 45 50 54 78,66 36
2023-12-23,153,18,20,42,50,54,85,61.0,67.0,18 20 42 50 54 85,61 67
2023-12-25,154,43,55,56,60,64,66,12.0,60.0,43 55 56 60 64 66,12 60
2023-12-27,155,17,39,44,60,68,87,5.0,70.0,17 39 44 60 68 87,5 70
2023-12-30,156,40,41,46,62,74,85,18.0,61.0,40 41 46 62 74 85,18 61
2024-01-01,1,20,21,31,45,46,87,37.0,90.0,20 21 31 45 46 87,37 90
2024-01-03,2,3,18,50,54,66,86,22.0,25.0,3 18 50 54 66 86,22 25
2024-01-06,3,45,49,51,60,71,86,77.0,38.0,45 49 51 60 71 86,77 38
2024-01-08,4,4,33,35,62,65,76,67.0,50.0,4 33 35 62 65 76,67 50
2024-01-10,5,14,28,41,45,49,62,60.0,46.0,14 28 41 45 49 62,60 46
2024-01-13,6,27,44,60,67,68,88,85.0,16.0,27 44 60 67 68 88,85 16
2024-01-15,7,7,11,21,22,27,63,48.0,55.0,7 11 21 22 27 63,48 55
2024-01-17,8,13,26,38,55,60,63,61.0,63.0,13 26 38 55 60 63,61 63
2024-01-20,9,10,25,31,45,65,77,18.0,55.0,10 25 31 45 65 77,18 55
2024-01-22,10,9,17,20,33,63,75,38.0,74.0,9 17 20 33 63 75,38 74
2024-01-24,11,3,5,37,50,52,62,59.0,53.0,3 5 37 50 52 62,59 53
2024-01-27,12,22,57,60,62,64,83,41.0,72.0,22 57 60 62 64 83,41 72
2024-01-29,13,16,18,25,26,71,83,1.0,31.0,16 18 25 26 71 83,1 31
2024-01-31,14,9,13,79,83,84,89,18.0,4.0,9 13 79 83 84 89,18 4
2024-02-05,16,15,30,48,53,76,77,61.0,67.0,15 30 48 53 76 77,61 67
2024-02-07,17,23,26,29,41,69,77,51.0,6.0,23 26 29 41 69 77,51 6
2024-02-10,18,3,42,47,64,71,74,33.0,88.0,3 42 47 64 71 74,33 88
2024-02-12,19,36,40,50,53,70,76,49.0,77.0,36 40 50 53 70 76,49 77
2024-02-14,20,1,29,40,45,63,74,76.0,54.0,1 29 40 45 63 74,76 54
2024-02-17,21,15,36,40,63,74,79,81.0,66.0,15 36 40 63 74 79,81 66
2024-02-19,22,7,10,15,31,52,77,78.0,38.0,7 10 15 31 52 77,78 38
2024-02-21,23,10,11,47,57,60,67,36.0,73.0,10 11 47 57 60 67,36 73
2024-02-24,24,37,69,71,74,77,88,54.0,22.0,37 69 71 74 77 88,54 22
2024-02-26,25,1,22,36,58,76,87,4.0,40.0,1 22 36 58 76 87,4 40
2024-02-28,26,9,10,17,23,30,60,69.0,83.0,9 10 17 23 30 60,69 83
2024-03-02,27,8,19,47,54,56,78,59.0,81.0,8 19 47 54 56 78,59 81
2024-03-04,28,35,42,56,58,69,87,24.0,75.0,35 42 56 58 69 87,24 75
2024-03-06,29,9,11,46,48,49,86,12.0,8.0,9 11 46 48 49 86,12 8
2024-03-09,30,2,8,23,50,51,68,79.0,81.0,2 8 23 50 51 68,79 81
2024-03-11,31,27,42,57,65,67,83,50.0,21.0,27 42 57 65 67 83,50 21
2024-03-13,32,5,56,59,62,78,84,25.0,42.0,5 56 59 62 78 84,25 42
2024-03-16,33,28,34,45,60,71,80,47.0,59.0,28 34 45 60 71 80,47 59
2024-03-18,34,3,18,68,84,87,88,26.0,4.0,3 18 68 84 87 88,26 4
2024-03-20,35,7,37,44,51,61,66,70.0,4.0,7 37 44 51 61 66,70 4
2024-03-23,36,15,19,39,60,69,83,81.0,32.0,15 19 39 60 69 83,81 32
2024-03-25,37,9,47,62,68,77,90,56.0,81.0,9 47 62 68 77 90,56 81
2024-03-27,38,3,6,18,31,62,87,46.0,64.0,3 6 18 31 62 87,46 64
2024-03-30,39,14,17,31,55,56,69,53.0,56.0,14 17 31 55 56 69,53 56
2024-04-01,40,6,19,46,49,59,64,34.0,6.0,6 19 46 49 59 64,34 6
2024-04-03,41,8,21,27,45,70,82,85.0,59.0,8 21 27 45 70 82,85 59
2024-04-06,42,20,32,47,62,72,88,67.0,34.0,20 32 47 62 72 88,67 34
2024-04-08,43,27,38,39,42,48,51,22.0,63.0,27 38 39 42 48 51,22 63
2024-04-10,44,28,35,36,37,40,73,15.0,15.0,28 35 36 37 40 73,15 15
2024-04-13,45,8,55,60,64,70,81,6.0,15.0,8 55 60 64 70 81,6 15
2024-04-15,46,4,7,32,42,58,64,65.0,73.0,4 7 32 42 58 64,65 73
2024-04-17,47,16,23,24,41,63,85,39.0,52.0,16 23 24 41 63 85,39 52
2024-04-20,48,8,15,26,32,47,88,79.0,12.0,8 15 26 32 47 88,79 12
2024-04-22,49,3,48,61,71,81,82,42.0,27.0,3 48 61 71 81 82,42 27
2024-04-24,50,37,38,49,69,84,90,62.0,22.0,37 38 49 69 84 90,62 22
2024-04-27,51,28,47,71,77,81,85,42.0,35.0,28 47 71 77 81 85,42 35
2024-04-29,52,10,20,23,47,64,68,67.0,42.0,10 20 23 47 64 68,67 42
2024-05-01,53,8,23,44,77,84,86,9.0,13.0,8 23 44 77 84 86,9 13
2024-05-04,54,3,26,32,61,82,83,41.0,68.0,3 26 32 61 82 83,41 68
2024-05-06,55,5,17,21,52,56,85,79.0,64.0,5 17 21 52 56 85,79 64
2024-05-08,56,2,7,19,50,53,54,8.0,79.0,2 7 19 50 53 54,8 79
2024-05-11,57,13,32,44,55,57,90,21.0,36.0,13 32 44 55 57 90,21 36
2024-05-13,58,25,36,55,61,64,87,43.0,84.0,25 36 55 61 64 87,43 84
2024-05-15,59,21,30,42,43,48,50,75.0,5.0,21 30 42 43 48 50,75 5
2024-05-18,60,30,42,53,65,79,80,83.0,57.0,30 42 53 65 79 80,83 57
2024-05-20,61,6,7,24,51,52,86,80.0,69.0,6 7 24 51 52 86,80 69
2024-05-22,62,13,26,30,34,37,56,57.0,70.0,13 26 30 34 37 56,57 70
2024-05-25,63,19,28,44,62,73,81,61.0,89.0,19 28 44 62 73 81,61 89
2024-05-27,64,18,28,38,41,43,73,49.0,31.0,18 28 38 41 43 73,49 31
2024-05-29,65,23,28,44,58,69,78,45.0,15.0,23 28 44 58 69 78,45 15
2024-06-01,66,6,34,55,65,74,86,8.0,23.0,6 34 55 65 74 86,8 23
2024-06-03,67,6,34,49,61,69,86,63.0,67.0,6 34 49 61 69 86,63 67
2024-06-05,68,12,16,45,55,88,90,56.0,30.0,12 16 45 55 88 90,56 30
2024-06-10,70,3,11,24,33,61,82,69.0,60.0,3 11 24 33 61 82,69 60
2024-06-12,71,2,12,13,51,75,89,60.0,29.0,2 12 13 51 75 89,60 29
2024-06-15,72,18,20,47,63,64,77,75.0,83.0,18 20 47 63 64 77,75 83
2024-06-17,73,23,32,48,51,58,89,83.0,65.0,23 32 48 51 58 89,83 65
2024-06-19,74,12,16,33,62,80,84,44.0,73.0,12 16 33 62 80 84,44 73
2024-06-22,75,19,30,45,57,78,87,5.0,4.0,19 30 45 57 78 87,5 4
2024-06-24,76,18,26,44,63,64,72,34.0,27.0,18 26 44 63 64 72,34 27
2024-06-26,77,18,33,38,48,52,75,49.0,16.0,18 33 38 48 52 75,49 16
2024-06-29,78,8,40,46,47,57,84,12.0,29.0,8 40 46 47 57 84,12 29
2024-07-01,79,13,36,40,44,53,75,55.0,17.0,13 36 40 44 53 75,55 17
2024-07-03,80,10,12,32,60,77,87,16.0,57.0,10 12 32 60 77 87,16 57
2024-07-06,81,26,32,35,43,56,81,38.0,44.0,26 32 35 43 56 81,38 44
2024-07-08,82,6,35,44,53,57,85,4.0,9.0,6 35 44 53 57 85,4 9
2024-07-10,83,15,24,31,40,48,90,87.0,36.0,15 24 31 40 48 90,87 36
2024-07-13,84,6,29,38,69,78,79,27.0,38.0,6 29 38 69 78 79,27 38
2024-07-15,85,2,8,23,48,63,83,43.0,28.0,2 8 23 48 63 83,43 28
2024-07-17,86,42,52,57,60,63,73,50.0,24.0,42 52 57 60 63 73,50 24
2024-07-20,87,7,23,45,58,60,73,46.0,26.0,7 23 45 58 60 73,46 26
2024-07-22,88,1,38,56,60,64,87,33.0,89.0,1 38 56 60 64 87,33 89
2024-07-24,89,1,18,31,46,61,84,41.0,29.0,1 18 31 46 61 84,41 29
2024-07-27,90,14,21,45,56,70,76,35.0,53.0,14 21 45 56 70 76,35 53
2024-07-29,91,3,24,54,72,75,84,35.0,32.0,3 24 54 72 75 84,35 32
2024-07-31,92,28,50,52,61,79,89,18.0,86.0,28 50 52 61 79 89,18 86
2024-08-03,93,10,13,35,42,60,87,69.0,17.0,10 13 35 42 60 87,69 17
2024-08-05,94,15,17,46,51,66,72,69.0,63.0,15 17 46 51 66 72,69 63
2024-08-07,95,19,46,54,56,80,82,13.0,48.0,19 46 54 56 80 82,13 48
2024-08-10,96,2,19,34,35,38,61,80.0,64.0,2 19 34 35 38 61,80 64
2024-08-12,97,16,24,37,73,77,85,22.0,56.0,16 24 37 73 77 85,22 56
2024-08-14,98,1,8,10,37,54,77,79.0,87.0,1 8 10 37 54 77,79 87
2024-08-17,99,3,19,32,66,71,81,74.0,9.0,3 19 32 66 71 81,74 9
2024-08-19,100,3,6,36,45,67,82,11.0,47.0,3 6 36 45 67 82,11 47
2024-08-21,101,6,12,16,29,63,72,75.0,44.0,6 12 16 29 63 72,75 44
2024-08-24,102,10,13,19,39,87,89,14.0,83.0,10 13 19 39 87 89,14 83
2024-08-26,103,35,45,48,50,63,69,15.0,44.0,35 45 48 50 63 69,15 44
2024-08-28,104,3,20,34,45,60,71,75.0,52.0,3 20 34 45 60 71,75 52
2024-08-31,105,23,45,48,51,73,90,58.0,32.0,23 45 48 51 73 90,58 32
2024-09-02,106,15,30,35,45,61,68,11.0,28.0,15 30 35 45 61 68,11 28
2024-09-04,107,57,58,62,66,84,89,10.0,56.0,57 58 62 66 84 89,10 56
2024-09-07,108,8,13,16,30,38,84,78.0,70.0,8 13 16 30 38 84,78 70
2024-09-09,109,4,5,13,15,48,90,47.0,49.0,4 5 13 15 48 90,47 49
2024-09-11,110,14,35,56,60,82,87,81.0,18.0,14 35 56 60 82 87,81 18
2024-09-14,111,9,19,26,41,77,89,82.0,53.0,9 19 26 41 77 89,82 53
2024-09-16,112,1,17,25,35,44,90,46.0,35.0,1 17 25 35 44 90,46 35
2024-09-18,113,17,27,48,50,71,88,58.0,58.0,17 27 48 50 71 88,58 58
2024-09-21,114,23,44,53,58,88,90,30.0,43.0,23 44 53 58 88 90,30 43
2024-09-23,115,3,14,16,54,58,69,42.0,10.0,3 14 16 54 58 69,42 10
2024-09-25,116,5,21,25,35,56,82,24.0,17.0,5 21 25 35 56 82,24 17
2024-09-28,117,49,53,54,63,67,68,77.0,80.0,49 53 54 63 67 68,77 80
2024-09-30,118,30,37,39,65,77,90,28.0,70.0,30 37 39 65 77 90,28 70
2024-10-02,119,22,40,54,55,61,62,90.0,89.0,22 40 54 55 61 62,90 89
2024-10-05,120,4,7,30,34,48,80,86.0,31.0,4 7 30 34 48 80,86 31
2024-10-07,121,27,37,44,46,79,81,10.0,5.0,27 37 44 46 79 81,10 5
2024-10-09,122,49,51,63,67,89,90,52.0,82.0,49 51 63 67 89 90,52 82
2024-10-11,136,4,18,46,47,64,66,29.0,73.0,4 18 46 47 64 66,29 73
2024-10-12,123,2,9,10,20,44,69,80.0,39.0,2 9 10 20 44 69,80 39
2024-10-14,124,8,33,50,59,71,77,35.0,89.0,8 33 50 59 71 77,35 89
2024-10-16,125,4,20,43,52,69,89,80.0,55.0,4 20 43 52 69 89,80 55
2024-10-19,126,8,21,22,27,49,67,57.0,74.0,8 21 22 27 49 67,57 74
2024-10-21,127,20,33,52,54,59,76,5.0,44.0,20 33 52 54 59 76,5 44
2024-10-23,128,14,35,38,53,60,89,64.0,12.0,14 35 38 53 60 89,64 12
2024-10-26,129,8,13,14,41,47,84,40.0,36.0,8 13 14 41 47 84,40 36
2024-10-28,130,8,28,43,57,75,87,20.0,44.0,8 28 43 57 75 87,20 44
2024-10-30,131,3,18,22,26,48,85,68.0,20.0,3 18 22 26 48 85,68 20
2024-11-02,132,33,54,66,78,80,89,15.0,4.0,33 54 66 78 80 89,15 4
2024-11-04,133,9,12,26,38,63,69,55.0,79.0,9 12 26 38 63 69,55 79
2024-11-06,134,4,33,37,43,46,63,19.0,72.0,4 33 37 43 46 63,19 72
2024-11-09,135,15,33,36,74,78,81,85.0,57.0,15 33 36 74 78 81,85 57
2024-11-13,137,5,29,30,64,84,89,74.0,21.0,5 29 30 64 84 89,74 21
2024-11-16,138,28,51,54,56,59,74,38.0,29.0,28 51 54 56 59 74,38 29
2024-11-18,139,2,25,36,58,79,80,66.0,77.0,2 25 36 58 79 80,66 77
2024-11-20,140,5,18,29,33,70,81,71.0,1.0,5 18 29 33 70 81,71 1
2024-11-23,141,15,25,62,65,77,86,80.0,37.0,15 25 62 65 77 86,80 37
2024-11-25,142,11,12,23,24,55,80,9.0,61.0,11 12 23 24 55 80,9 61
2024-11-27,143,27,42,47,69,76,85,80.0,40.0,27 42 47 69 76 85,80 40
2024-11-30,144,15,38,45,47,57,71,37.0,89.0,15 38 45 47 57 71,37 89
2024-12-02,145,3,16,40,44,50,77,21.0,22.0,3 16 40 44 50 77,21 22
2024-12-04,146,16,27,44,49,62,73,3.0,1.0,16 27 44 49 62 73,3 1
2024-12-07,147,10,13,18,31,55,63,66.0,36.0,10 13 18 31 55 63,66 36
2024-12-09,148,10,12,74,80,81,82,32.0,59.0,10 12 74 80 81 82,32 59
2024-12-11,149,28,34,56,70,73,86,3.0,75.0,28 34 56 70 73 86,3 75
2024-12-14,150,7,15,38,46,68,80,39.0,35.0,7 15 38 46 68 80,39 35
2024-12-16,151,3,12,17,56,69,76,16.0,44.0,3 12 17 56 69 76,16 44
2024-12-18,152,1,31,32,49,50,75,52.0,29.0,1 31 32 49 50 75,52 29
2024-12-21,153,20,40,46,69,78,80,87.0,38.0,20 40 46 69 78 80,87 38
2024-12-23,154,5,27,34,58,77,86,54.0,63.0,5 27 34 58 77 86,54 63
2024-12-25,155,1,7,19,43,56,82,72.0,5.0,1 7 19 43 56 82,72 5
2024-12-28,156,9,16,31,51,73,83,43.0,67.0,9 16 31 51 73 83,43 67
2024-12-30,157,1,20,34,43,88,90,33.0,54.0,1 20 34 43 88 90,33 54
2025-01-01,1,1,21,46,61,71,78,86.0,7.0,1 21 46 61 71 78,86 7
2025-01-04,2,2,42,50,57,59,90,6.0,1.0,2 42 50 57 59 90,6 1
2025-01-06,3,5,16,54,58,68,84,90.0,41.0,5 16 54 58 68 84,90 41
2025-01-08,4,8,36,59,60,68,75,34.0,12.0,8 36 59 60 68 75,34 12
2025-01-11,5,5,21,30,32,42,75,29.0,29.0,5 21 30 32 42 75,29 29
2025-01-13,6,14,28,42,54,64,89,76.0,72.0,14 28 42 54 64 89,76 72
2025-01-15,7,47,59,64,68,74,82,65.0,63.0,47 59 64 68 74 82,65 63
2025-01-18,8,1,24,31,32,40,81,3.0,53.0,1 24 31 32 40 81,3 53
2025-01-20,9,13,25,30,33,82,86,63.0,21.0,13 25 30 33 82 86,63 21
2025-01-22,10,2,20,28,44,57,88,24.0,47.0,2 20 28 44 57 88,24 47
2025-01-25,11,1,18,46,54,70,88,62.0,24.0,1 18 46 54 70 88,62 24
2025-01-27,12,1,2,14,34,54,56,77.0,34.0,1 2 14 34 54 56,77 34
2025-01-29,13,17,29,50,71,76,89,80.0,12.0,17 29 50 71 76 89,80 12
2025-02-01,14,4,38,56,61,68,70,76.0,20.0,4 38 56 61 68 70,76 20
2025-02-03,15,11,29,33,51,56,86,23.0,89.0,11 29 33 51 56 86,23 89
2025-02-05,16,37,38,41,64,76,80,21.0,21.0,37 38 41 64 76 80,21 21
2025-02-08,17,6,7,25,48,78,89,40.0,23.0,6 7 25 48 78 89,40 23
2025-02-10,18,13,31,34,64,69,88,17.0,34.0,13 31 34 64 69 88,17 34
2025-02-12,19,2,20,34,46,55,60,71.0,39.0,2 20 34 46 55 60,71 39
2025-02-15,20,1,9,32,48,56,58,55.0,11.0,1 9 32 48 56 58,55 11
2025-02-17,21,10,40,46,47,57,72,5.0,44.0,10 40 46 47 57 72,5 44
2025-02-19,22,26,42,69,70,74,88,45.0,66.0,26 42 69 70 74 88,45 66
2025-02-22,23,1,5,29,36,54,57,35.0,4.0,1 5 29 36 54 57,35 4
2025-02-24,24,1,23,40,43,53,59,37.0,71.0,1 23 40 43 53 59,37 71
2025-02-26,25,10,52,65,73,87,88,45.0,42.0,10 52 65 73 87 88,45 42
2025-03-01,26,38,42,62,66,75,77,78.0,61.0,38 42 62 66 75 77,78 61
2025-03-03,27,2,8,18,27,67,87,55.0,82.0,2 8 18 27 67 87,55 82
2025-03-05,28,30,32,48,65,82,85,64.0,14.0,30 32 48 65 82 85,64 14
2025-03-08,29,7,31,37,65,79,87,90.0,41.0,7 31 37 65 79 87,90 41
2025-03-10,30,2,9,28,43,59,61,74.0,56.0,2 9 28 43 59 61,74 56
2025-03-12,31,37,47,57,62,75,90,87.0,31.0,37 47 57 62 75 90,87 31
2025-03-15,32,15,18,24,29,61,75,82.0,24.0,15 18 24 29 61 75,82 24
2025-03-17,33,7,28,30,59,62,77,74.0,28.0,7 28 30 59 62 77,74 28
2025-03-19,34,13,39,59,70,73,80,31.0,45.0,13 39 59 70 73 80,31 45
2025-03-22,35,11,12,33,47,49,70,63.0,17.0,11 12 33 47 49 70,63 17
2025-03-24,36,8,18,21,41,43,73,59.0,66.0,8 18 21 41 43 73,59 66
2025-03-26,37,5,9,29,30,31,63,35.0,38.0,5 9 29 30 31 63,35 38
2025-03-29,38,27,45,59,67,79,84,77.0,24.0,27 45 59 67 79 84,77 24
2025-03-31,39,3,18,19,23,27,87,29.0,23.0,3 18 19 23 27 87,29 23
2025-04-02,40,19,20,36,48,53,66,77.0,71.0,19 20 36 48 53 66,77 71
2025-04-05,41,8,38,53,75,84,90,31.0,30.0,8 38 53 75 84 90,31 30
2025-04-07,42,1,9,13,20,66,79,45.0,75.0,1 9 13 20 66 79,45 75
2025-04-09,43,12,14,15,66,76,77,13.0,88.0,12 14 15 66 76 77,13 88
2025-04-12,44,11,26,35,48,53,57,51.0,51.0,11 26 35 48 53 57,51 51
2025-04-14,45,38,40,41,45,49,69,43.0,50.0,38 40 41 45 49 69,43 50
2025-04-16,46,11,18,40,43,59,88,49.0,68.0,11 18 40 43 59 88,49 68
2025-04-19,47,31,43,52,53,63,66,2.0,2.0,31 43 52 53 63 66,2 2
2025-04-21,48,13,31,37,42,77,80,79.0,33.0,13 31 37 42 77 80,79 33
2025-04-23,49,33,41,66,74,80,81,85.0,45.0,33 41 66 74 80 81,85 45
2025-04-26,50,1,5,18,33,47,56,85.0,66.0,1 5 18 33 47 56,85 66
2025-04-28,51,15,34,53,63,64,88,28.0,46.0,15 34 53 63 64 88,28 46
2025-04-30,52,1,10,56,66,67,78,14.0,27.0,1 10 56 66 67 78,14 27
2025-05-03,53,5,11,15,30,66,86,37.0,13.0,5 11 15 30 66 86,37 13
2025-05-05,54,8,25,33,42,50,51,81.0,16.0,8 25 33 42 50 51,81 16
2025-05-07,55,10,27,33,49,50,61,74.0,73.0,10 27 33 49 50 61,74 73
2025-05-10,56,6,29,32,60,62,72,44.0,27.0,6 29 32 60 62 72,44 27
2025-05-12,57,24,30,58,79,87,90,67.0,66.0,24 30 58 79 87 90,67 66
2025-05-14,58,5,11,21,29,45,72,3.0,72.0,5 11 21 29 45 72,3 72
2025-05-17,59,22,25,37,40,80,88,27.0,80.0,22 25 37 40 80 88,27 80
2025-05-19,60,6,22,58,84,87,90,62.0,72.0,6 22 58 84 87 90,62 72
2025-05-21,61,16,34,41,63,71,82,59.0,67.0,16 34 41 63 71 82,59 67
2025-05-24,62,38,40,49,55,61,77,1.0,54.0,38 40 49 55 61 77,1 54
2025-05-26,63,26,30,45,70,78,88,12.0,59.0,26 30 45 70 78 88,12 59
2025-05-28,64,35,37,49,60,72,89,34.0,34.0,35 37 49 60 72 89,34 34
2025-05-31,65,7,14,23,53,57,87,22.0,38.0,7 14 23 53 57 87,22 38
2025-06-02,66,16,29,46,61,80,87,6.0,14.0,16 29 46 61 80 87,6 14
2025-06-04,67,4,35,41,46,75,80,25.0,53.0,4 35 41 46 75 80,25 53
2025-06-07,68,8,12,18,22,25,32,9.0,50.0,8 12 18 22 25 32,9 50
2025-06-09,69,40,54,55,60,80,84,77.0,11.0,40 54 55 60 80 84,77 11
2025-06-11,70,31,42,65,76,81,87,36.0,90.0,31 42 65 76 81 87,36 90
2025-06-14,71,28,35,60,76,80,88,19.0,48.0,28 35 60 76 80 88,19 48
2025-06-16,72,7,12,27,53,72,77,19.0,86.0,7 12 27 53 72 77,19 86
2025-06-18,73,37,39,48,54,85,90,55.0,10.0,37 39 48 54 85 90,55 10
2025-06-21,74,3,13,16,25,50,84,4.0,28.0,3 13 16 25 50 84,4 28
2025-06-23,75,4,8,12,24,30,54,34.0,23.0,4 8 12 24 30 54,34 23
2025-06-25,76,7,20,25,28,78,88,51.0,14.0,7 20 25 28 78 88,51 14
2025-06-28,77,15,22,27,38,56,71,30.0,89.0,15 22 27 38 56 71,30 89
2025-06-30,78,24,41,45,58,72,90,31.0,9.0,24 41 45 58 72 90,31 9
2025-07-02,79,5,38,65,68,69,75,86.0,54.0,5 38 65 68 69 75,86 54
2025-07-05,80,11,12,27,71,76,87,38.0,57.0,11 12 27 71 76 87,38 57
2025-07-07,81,8,18,61,71,75,79,10.0,41.0,8 18 61 71 75 79,10 41
2025-07-09,82,4,13,36,48,53,80,51.0,5.0,4 13 36 48 53 80,51 5
2025-07-12,83,8,17,60,73,84,90,83.0,59.0,8 17 60 73 84 90,83 59
2025-07-16,85,9,22,47,49,55,73,19.0,19.0,9 22 47 49 55 73,19 19
2025-07-19,86,5,7,15,22,25,74,46.0,83.0,5 7 15 22 25 74,46 83
2025-07-21,87,12,48,51,71,76,78,46.0,89.0,12 48 51 71 76 78,46 89
2025-07-23,88,4,29,52,58,72,83,7.0,4.0,4 29 52 58 72 83,7 4
2025-07-26,89,26,38,41,45,70,73,7.0,20.0,26 38 41 45 70 73,7 20
2025-07-28,90,7,10,19,30,41,59,3.0,7.0,7 10 19 30 41 59,3 7
2025-07-30,91,12,19,50,58,62,73,36.0,77.0,12 19 50 58 62 73,36 77
2025-08-02,92,4,5,13,22,35,53,42.0,42.0,4 5 13 22 35 53,42 42
2025-08-04,93,12,20,39,48,59,62,51.0,40.0,12 20 39 48 59 62,51 40
2025-08-06,94,22,36,43,46,80,88,21.0,21.0,22 36 43 46 80 88,21 21
2025-08-09,95,6,18,20,38,62,85,81.0,66.0,6 18 20 38 62 85,81 66
2025-08-11,96,19,31,41,52,70,71,23.0,87.0,19 31 41 52 70 71,23 87
2025-08-13,97,4,6,12,30,67,70,56.0,83.0,4 6 12 30 67 70,56 83
2025-08-16,98,20,45,46,50,62,80,54.0,87.0,20 45 46 50 62 80,54 87
2025-08-18,99,24,37,45,55,60,62,68.0,86.0,24 37 45 55 60 62,68 86
2025-08-20,100,5,23,24,29,33,53,14.0,88.0,5 23 24 29 33 53,14 88
2025-08-23,101,4,10,36,45,65,83,84.0,41.0,4 10 36 45 65 83,84 41
2025-08-25,102,2,40,44,50,56,77,89.0,3.0,2 40 44 50 56 77,89 3
2025-08-27,103,5,6,7,44,72,79,11.0,67.0,5 6 7 44 72 79,11 67
2025-08-30,104,34,37,51,62,70,80,12.0,44.0,34 37 51 62 70 80,12 44
2025-09-01,105,5,7,14,23,26,33,85.0,21.0,5 7 14 23 26 33,85 21
2025-09-03,106,27,35,39,57,61,88,69.0,9.0,27 35 39 57 61 88,69 9
2025-09-06,107,7,19,29,30,32,33,60.0,64.0,7 19 29 30 32 33,60 64
2025-09-08,108,2,3,12,36,39,87,29.0,51.0,2 3 12 36 39 87,29 51
2025-09-10,109,5,32,36,58,64,68,10.0,68.0,5 32 36 58 64 68,10 68
2025-09-13,110,3,35,39,40,49,90,4.0,67.0,3 35 39 40 49 90,4 67
2025-09-15,111,7,23,39,41,47,82,40.0,77.0,7 23 39 41 47 82,40 77
2025-09-17,112,5,25,61,73,74,82,68.0,52.0,5 25 61 73 74 82,68 52
2025-09-20,113,14,24,49,60,61,83,6.0,35.0,14 24 49 60 61 83,6 35
2025-09-22,114,39,59,62,68,76,77,23.0,5.0,39 59 62 68 76 77,23 5
2025-09-24,115,18,48,53,61,64,65,31.0,32.0,18 48 53 61 64 65,31 32
2025-09-27,116,6,32,43,49,77,87,29.0,52.0,6 32 43 49 77 87,29 52
2025-09-29,117,14,35,57,70,76,83,36.0,63.0,14 35 57 70 76 83,36 63
2025-10-01,118,4,28,40,54,57,65,14.0,44.0,4 28 40 54 57 65,14 44
2025-10-04,119,8,12,15,23,34,56,58.0,75.0,8 12 15 23 34 56,58 75
2025-10-06,120,23,31,41,48,58,75,60.0,14.0,23 31 41 48 58 75,60 14
2025-10-08,121,4,27,37,41,48,73,76.0,70.0,4 27 37 41 48 73,76 70
2025-10-11,122,6,12,15,16,19,55,32.0,86.0,6 12 15 16 19 55,32 86
2025-10-13,123,24,36,50,63,65,68,71.0,19.0,24 36 50 63 65 68,71 19
2025-10-15,124,2,10,53,73,77,90,36.0,71.0,2 10 53 73 77 90,36 71
2025-10-18,125,10,13,18,39,63,85,60.0,88.0,10 13 18 39 63 85,60 88
2025-10-20,126,1,29,43,53,75,88,90.0,70.0,1 29 43 53 75 88,90 70
2025-10-22,127,1,7,10,15,33,71,4.0,45.0,1 7 10 15 33 71,4 45
2025-10-25,128,16,20,27,46,57,79,53.0,12.0,16 20 27 46 57 79,53 12
2025-10-27,129,4,6,25,45,57,62,88.0,15.0,4 6 25 45 57 62,88 15
2025-10-29,130,2,6,12,18,36,43,75.0,23.0,2 6 12 18 36 43,75 23
2025-11-01,131,33,45,47,50,72,76,80.0,51.0,33 45 47 50 72 76,80 51
2025-11-03,132,7,14,16,20,27,62,81.0,9.0,7 14 16 20 27 62,81 9
2025-11-05,133,14,45,49,68,79,81,58.0,90.0,14 45 49 68 79 81,58 90
2025-11-08,134,4,18,39,87,89,90,14.0,54.0,4 18 39 87 89 90,14 54
2025-11-10,135,2,16,32,75,76,86,23.0,55.0,2 16 32 75 76 86,23 55
2025-11-12,136,1,8,25,38,71,83,80.0,47.0,1 8 25 38 71 83,80 47
2025-11-15,137,33,43,46,66,72,90,35.0,85.0,33 43 46 66 72 90,35 85
2025-11-17,138,17,27,31,32,43,65,26.0,48.0,17 27 31 32 43 65,26 48
2025-11-19,139,5,15,59,61,82,86,62.0,69.0,5 15 59 61 82 86,62 69
2025-11-22,140,18,32,35,72,80,87,85.0,87.0,18 32 35 72 80 87,85 87
2025-11-24,141,24,34,59,60,61,70,53.0,45.0,24 34 59 60 61 70,53 45
2025-11-26,142,14,23,24,27,49,85,22.0,59.0,14 23 24 27 49 85,22 59
2025-11-29,143,7,20,32,41,56,72,44.0,19.0,7 20 32 41 56 72,44 19
2025-12-01,144,16,33,61,63,72,84,60.0,9.0,16 33 61 63 72 84,60 9
2025-12-03,145,2,6,19,47,53,62,56.0,45.0,2 6 19 47 53 62,56 45
2025-12-06,146,14,38,56,73,74,87,29.0,81.0,14 38 56 73 74 87,29 81
2025-12-08,147,8,29,38,73,76,88,13.0,68.0,8 29 38 73 76 88,13 68
2025-12-10,148,30,38,43,54,62,71,74.0,39.0,30 38 43 54 62 71,74 39
2025-12-13,149,7,57,67,70,74,86,4.0,22.0,7 57 67 70 74 86,4 22
2025-12-15,150,2,3,17,48,68,82,29.0,48.0,2 3 17 48 68 82,29 48
2025-12-17,151,3,6,8,28,55,82,17.0,21.0,3 6 8 28 55 82,17 21
2025-12-20,152,5,27,52,64,73,83,44.0,9.0,5 27 52 64 73 83,44 9
2025-12-22,153,19,24,41,44,56,71,23.0,26.0,19 24 41 44 56 71,23 26
2025-12-24,154,13,24,30,40,60,75,47.0,42.0,13 24 30 40 60 75,47 42
2025-12-27,155,9,13,29,41,74,82,39.0,51.0,9 13 29 41 74 82,39 51
2025-12-29,156,36,57,59,67,80,85,18.0,49.0,36 57 59 67 80 85,18 49
2025-12-31,157,13,14,19,25,32,45,23.0,42.0,13 14 19 25 32 45,23 42
2026-01-03,1,30,47,58,68,70,78,37.0,89.0,30 47 58 68 70 78,37 89
2026-01-05,2,4,12,37,50,64,89,41.0,7.0,4 12 37 50 64 89,41 7
2026-01-07,3,13,24,44,79,80,89,39.0,44.0,13 24 44 79 80 89,39 44
2026-01-10,4,3,23,55,59,69,82,36.0,80.0,3 23 55 59 69 82,36 80
2026-01-12,5,6,31,38,51,66,68,88.0,64.0,6 31 38 51 66 68,88 64
2026-01-14,6,2,3,8,41,68,90,5.0,34.0,2 3 8 41 68 90,5 34
2026-01-17,7,10,26,28,57,65,82,34.0,70.0,10 26 28 57 65 82,34 70
2026-01-19,8,2,21,27,62,74,81,33.0,84.0,2 21 27 62 74 81,33 84
2026-01-21,9,6,23,40,50,71,89,4.0,67.0,6 23 40 50 71 89,4 67
2026-01-24,10,6,24,30,40,63,78,9.0,81.0,6 24 30 40 63 78,9 81
2026-01-26,11,14,22,27,40,51,70,57.0,81.0,14 22 27 40 51 70,57 81
2026-01-28,12,6,42,67,74,78,83,2.0,30.0,6 42 67 74 78 83,2 30
2026-01-31,13,16,28,31,41,59,74,35.0,86.0,16 28 31 41 59 74,35 86
2026-02-02,14,21,41,51,53,57,74,69.0,27.0,21 41 51 53 57 74,69 27
2026-02-04,15,8,46,50,52,67,69,64.0,21.0,8 46 50 52 67 69,64 21
2026-02-07,16,8,30,65,67,72,80,26.0,62.0,8 30 65 67 72 80,26 62
2026-02-09,17,45,67,74,77,87,89,37.0,30.0,45 67 74 77 87 89,37 30
2026-02-11,18,34,45,66,73,74,79,29.0,9.0,34 45 66 73 74 79,29 9
2026-02-14,19,15,26,41,50,74,76,1.0,9.0,15 26 41 50 74 76,1 9
2026-02-16,20,1,3,8,33,49,71,64.0,57.0,1 3 8 33 49 71,64 57
2026-02-18,21,13,19,50,55,62,82,90.0,77.0,13 19 50 55 62 82,90 77
2026-02-21,22,31,35,66,68,71,82,15.0,54.0,31 35 66 68 71 82,15 54
2026-02-23,23,6,7,10,11,39,55,70.0,1.0,6 7 10 11 39 55,70 1
2026-02-25,24,4,14,27,33,41,84,68.0,83.0,4 14 27 33 41 84,68 83
2026-02-28,25,2,21,22,44,48,81,42.0,66.0,2 21 22 44 48 81,42 66
2026-03-02,26,18,26,29,58,65,80,21.0,8.0,18 26 29 58 65 80,21 8
2026-03-04,27,44,46,60,67,87,88,21.0,32.0,44 46 60 67 87 88,21 32
2026-03-07,28,12,32,57,67,80,82,22.0,48.0,12 32 57 67 80 82,22 48
2026-03-09,29,7,23,38,55,57,90,87.0,29.0,7 23 38 55 57 90,87 29
2026-03-11,30,24,29,52,57,64,71,53.0,65.0,24 29 52 57 64 71,53 65
2026-03-14,31,24,32,40,43,46,77,17.0,87.0,24 32 40 43 46 77,17 87
2026-03-16,32,23,38,47,61,78,83,81.0,40.0,23 38 47 61 78 83,81 40
2026-03-18,33,10,12,35,53,55,86,89.0,75.0,10 12 35 53 55 86,89 75
2026-03-21,34,6,13,26,47,67,71,89.0,38.0,6 13 26 47 67 71,89 38
2026-03-23,35,20,28,31,45,67,68,24.0,46.0,20 28 31 45 67 68,24 46
2026-03-25,36,14,19,40,41,43,78,46.0,80.0,14 19 40 41 43 78,46 80
2026-03-28,37,4,5,7,17,63,72,86.0,45.0,4 5 7 17 63 72,86 45
2026-03-30,38,4,16,23,63,66,76,48.0,76.0,4 16 23 63 66 76,48 76
2026-04-01,39,9,29,33,56,64,74,12.0,70.0,9 29 33 56 64 74,12 70
2026-04-04,40,19,29,42,59,72,82,27.0,68.0,19 29 42 59 72 82,27 68
2026-04-06,41,40,43,50,55,69,75,62.0,1.0,40 43 50 55 69 75,62 1
2026-04-08,42,5,13,26,42,62,80,87.0,56.0,5 13 26 42 62 80,87 56
2026-04-11,43,2,9,30,45,50,52,37.0,90.0,2 9 30 45 50 52,37 90
2026-04-13,44,3,13,24,48,76,81,74.0,9.0,3 13 24 48 76 81,74 9
2026-04-15,45,4,35,48,56,64,76,46.0,39.0,4 35 48 56 64 76,46 39
2026-04-18,46,3,6,38,48,66,69,89.0,85.0,3 6 38 48 66 69,89 85
2026-04-20,47,28,33,53,78,83,88,21.0,63.0,28 33 53 78 83 88,21 63
2026-04-22,48,12,17,38,48,64,68,84.0,27.0,12 17 38 48 64 68,84 27
2026-04-25,49,10,27,63,64,70,90,61.0,10.0,10 27 63 64 70 90,61 10
2026-04-27,50,11,19,27,34,35,81,29.0,70.0,11 19 27 34 35 81,29 70
2026-04-29,51,38,64,68,78,84,88,70.0,73.0,38 64 68 78 84 88,70 73
2026-05-02,52,3,37,62,64,70,87,47.0,4.0,3 37 62 64 70 87,47 4
2026-05-04,53,7,12,35,47,60,82,15.0,77.0,7 12 35 47 60 82,15 77
2026-05-06,54,18,30,50,55,72,82,40.0,84.0,18 30 50 55 72 82,40 84
2026-05-09,55,17,25,28,53,72,79,61.0,45.0,17 25 28 53 72 79,61 45
2026-05-11,56,18,36,38,48,53,81,74.0,15.0,18 36 38 48 53 81,74 15
2026-05-13,57,6,39,41,59,70,89,21.0,24.0,6 39 41 59 70 89,21 24
2026-05-16,58,2,8,55,73,79,88,47.0,61.0,2 8 55 73 79 88,47 61
2026-05-18,59,22,34,71,75,85,89,30.0,40.0,22 34 71 75 85 89,30 40
2026-05-20,60,2,24,35,74,82,89,67.0,9.0,2 24 35 74 82 89,67 9
2026-05-23,61,19,20,28,53,68,77,47.0,57.0,19 20 28 53 68 77,47 57
2026-05-25,62,15,28,40,42,72,81,25.0,33.0,15 28 40 42 72 81,25 33
2026-05-27,63,7,52,58,69,82,84,37.0,7.0,7 52 58 69 82 84,37 7
2026-05-30,64,42,44,50,72,77,83,25.0,59.0,42 44 50 72 77 83,25 59
2026-06-01,65,19,36,46,63,75,85,80.0,39.0,19 36 46 63 75 85,80 39
2026-06-03,66,2,15,17,55,78,83,77.0,66.0,2 15 17 55 78 83,77 66
2026-06-06,67,8,33,50,53,62,63,39.0,8.0,8 33 50 53 62 63,39 8
2026-06-08,68,28,30,39,48,55,68,87.0,80.0,28 30 39 48 55 68,87 80
2026-06-10,69,10,15,25,31,45,56,67.0,50.0,10 15 25 31 45 56,67 50
2026-06-13,70,2,16,25,35,80,88,40.0,53.0,2 16 25 35 80 88,40 53
2026-06-15,71,15,33,36,53,79,87,78.0,0.0,15 33 36 53 79 87,78
2026-06-17,72,7,18,22,55,76,79,31.0,0.0,7 18 22 55 76 79,31
