date,draw_no,n1,n2,n3,n4,n5,n6,numbers
2016-06-23,453,12,19,30,44,47,48,12 19 30 44 47 48
2016-06-30,454,1,6,8,9,22,35,1 6 8 9 22 35
2016-07-07,455,4,7,29,31,39,43,4 7 29 31 39 43
2016-07-14,456,1,12,14,42,44,47,1 12 14 42 44 47
2016-07-21,457,2,6,13,18,22,49,2 6 13 18 22 49
2016-07-28,458,9,23,40,48,49,51,9 23 40 48 49 51
2016-08-04,459,24,25,30,37,52,54,24 25 30 37 52 54
2016-08-11,460,4,8,11,18,22,41,4 8 11 18 22 41
2016-08-18,461,3,18,23,39,47,51,3 18 23 39 47 51
2016-08-25,462,11,17,18,28,29,41,11 17 18 28 29 41
2016-09-01,463,4,8,16,17,24,51,4 8 16 17 24 51
2016-09-08,464,3,12,14,17,39,46,3 12 14 17 39 46
2016-09-15,465,2,16,26,28,40,42,2 16 26 28 40 42
2016-09-22,466,4,20,33,36,38,40,4 20 33 36 38 40
2016-09-29,467,37,38,39,42,43,47,37 38 39 42 43 47
2016-10-06,468,20,21,22,23,34,42,20 21 22 23 34 42
2016-10-13,469,6,19,36,42,48,53,6 19 36 42 48 53
2016-10-20,470,5,10,11,25,27,40,5 10 11 25 27 40
2016-10-27,471,7,10,14,28,42,44,7 10 14 28 42 44
2016-11-03,472,10,15,23,39,42,48,10 15 23 39 42 48
2016-11-10,473,6,22,23,29,35,42,6 22 23 29 35 42
2016-11-17,474,2,5,13,16,28,51,2 5 13 16 28 51
2016-11-24,475,4,14,21,30,51,52,4 14 21 30 51 52
2016-12-01,476,10,18,23,34,36,50,10 18 23 34 36 50
2016-12-08,477,4,6,19,23,38,54,4 6 19 23 38 54
2016-12-15,478,1,10,13,18,20,50,1 10 13 18 20 50
2016-12-22,479,19,25,41,48,51,54,19 25 41 48 51 54
2016-12-29,480,13,16,20,27,32,53,13 16 20 27 32 53
2017-01-05,481,8,14,19,25,27,31,8 14 19 25 27 31
2017-01-12,482,8,13,15,21,22,46,8 13 15 21 22 46
2017-01-19,483,1,7,27,32,50,51,1 7 27 32 50 51
2017-01-26,484,6,14,24,36,48,53,6 14 24 36 48 53
2017-02-02,485,14,17,18,43,47,49,14 17 18 43 47 49
2017-02-09,486,20,23,27,29,40,48,20 23 27 29 40 48
2017-02-16,487,6,10,28,29,47,53,6 10 28 29 47 53
2017-02-23,488,5,19,20,29,36,40,5 19 20 29 36 40
2017-03-02,489,4,13,25,27,29,33,4 13 25 27 29 33
2017-03-09,490,14,18,21,32,48,54,14 18 21 32 48 54
2017-03-16,491,1,7,19,40,42,51,1 7 19 40 42 51
2017-03-23,492,10,13,18,38,41,52,10 13 18 38 41 52
2017-03-30,493,2,3,35,38,40,54,2 3 35 38 40 54
2017-04-06,494,4,8,14,16,32,49,4 8 14 16 32 49
2017-04-13,495,4,11,30,41,47,51,4 11 30 41 47 51
2017-04-20,496,3,6,22,24,33,37,3 6 22 24 33 37
2017-04-27,497,4,6,18,25,34,37,4 6 18 25 34 37
2017-05-04,498,8,15,16,25,44,51,8 15 16 25 44 51
2017-05-11,499,7,14,35,41,46,47,7 14 35 41 46 47
2017-05-18,500,5,6,11,15,41,47,5 6 11 15 41 47
2017-05-25,501,1,3,13,16,23,45,1 3 13 16 23 45
2017-06-01,502,3,16,19,31,33,37,3 16 19 31 33 37
2017-06-08,503,10,27,36,38,51,53,10 27 36 38 51 53
2017-06-15,504,9,13,17,23,48,51,9 13 17 23 48 51
2017-06-22,505,3,5,20,37,44,48,3 5 20 37 44 48
2017-06-29,506,4,20,21,32,43,47,4 20 21 32 43 47
2017-07-06,507,2,5,24,39,45,49,2 5 24 39 45 49
2017-07-13,508,24,27,28,36,39,40,24 27 28 36 39 40
2017-07-20,509,2,3,27,51,53,54,2 3 27 51 53 54
2017-07-27,510,2,3,7,8,19,27,2 3 7 8 19 27
2017-08-03,511,10,13,24,29,43,50,10 13 24 29 43 50
2017-08-10,512,4,10,38,41,43,49,4 10 38 41 43 49
2017-08-17,513,20,23,38,42,48,50,20 23 38 42 48 50
2017-08-24,514,12,17,18,37,45,46,12 17 18 37 45 46
2017-08-31,515,4,9,26,30,37,50,4 9 26 30 37 50
2017-09-07,516,1,35,37,40,44,52,1 35 37 40 44 52
2017-09-14,517,12,15,20,25,30,53,12 15 20 25 30 53
2017-09-21,518,6,8,9,17,25,38,6 8 9 17 25 38
2017-09-28,519,2,3,5,22,24,25,2 3 5 22 24 25
2017-10-05,520,11,18,29,40,46,52,11 18 29 40 46 52
2017-10-12,521,6,13,28,33,44,48,6 13 28 33 44 48
2017-10-19,522,3,12,17,28,47,48,3 12 17 28 47 48
2017-10-26,523,8,13,16,27,31,46,8 13 16 27 31 46
2017-11-02,524,4,15,26,34,35,36,4 15 26 34 35 36
2017-11-09,525,7,13,29,34,38,52,7 13 29 34 38 52
2017-11-16,526,12,14,24,30,31,45,12 14 24 30 31 45
2017-11-23,527,4,10,13,20,33,39,4 10 13 20 33 39
2017-11-30,528,1,23,33,36,47,54,1 23 33 36 47 54
2017-12-07,529,1,6,9,11,45,49,1 6 9 11 45 49
2017-12-14,530,5,10,19,20,38,39,5 10 19 20 38 39
2017-12-21,531,4,7,27,35,36,40,4 7 27 35 36 40
2017-12-28,532,7,20,33,39,40,48,7 20 33 39 40 48
2018-01-04,533,3,15,20,30,40,52,3 15 20 30 40 52
2018-01-11,534,4,23,27,36,51,54,4 23 27 36 51 54
2018-01-18,535,11,17,20,29,36,51,11 17 20 29 36 51
2018-01-25,536,5,12,15,17,20,40,5 12 15 17 20 40
2018-02-01,537,18,20,30,46,48,49,18 20 30 46 48 49
2018-02-08,538,3,17,21,27,28,43,3 17 21 27 28 43
2018-02-15,539,6,7,19,40,53,54,6 7 19 40 53 54
2018-02-22,540,4,17,22,27,43,47,4 17 22 27 43 47
2018-03-01,541,1,8,12,42,49,53,1 8 12 42 49 53
2018-03-08,542,4,11,18,29,36,49,4 11 18 29 36 49
2018-03-15,543,5,20,22,31,40,47,5 20 22 31 40 47
2018-03-22,544,3,7,8,38,49,53,3 7 8 38 49 53
2018-03-29,545,7,8,15,16,23,24,7 8 15 16 23 24
2018-04-05,546,13,14,22,39,40,49,13 14 22 39 40 49
2018-04-12,547,5,25,29,36,47,51,5 25 29 36 47 51
2018-04-19,548,1,12,28,30,39,45,1 12 28 30 39 45
2018-04-26,549,8,18,19,30,33,45,8 18 19 30 33 45
2018-05-03,550,24,26,42,43,44,50,24 26 42 43 44 50
2018-05-10,551,2,6,8,9,39,53,2 6 8 9 39 53
2018-05-17,552,7,12,27,30,49,53,7 12 27 30 49 53
2018-05-24,553,6,11,34,40,49,50,6 11 34 40 49 50
2018-05-31,554,7,10,19,37,42,47,7 10 19 37 42 47
2018-06-07,555,3,13,23,35,37,46,3 13 23 35 37 46
2018-06-14,556,8,9,11,22,26,43,8 9 11 22 26 43
2018-06-21,557,2,10,17,25,37,52,2 10 17 25 37 52
2018-06-28,558,7,10,11,20,42,47,7 10 11 20 42 47
2018-07-05,559,2,6,8,25,31,44,2 6 8 25 31 44
2018-07-12,560,4,12,16,30,38,48,4 12 16 30 38 48
2018-07-19,561,19,20,27,31,37,53,19 20 27 31 37 53
2018-07-26,562,16,20,39,45,50,52,16 20 39 45 50 52
2018-08-02,563,1,7,27,28,39,51,1 7 27 28 39 51
2018-08-09,564,13,21,28,47,49,54,13 21 28 47 49 54
2018-08-16,565,9,11,12,35,49,52,9 11 12 35 49 52
2018-08-23,566,2,6,20,26,42,54,2 6 20 26 42 54
2018-08-30,567,8,19,31,39,42,47,8 19 31 39 42 47
2018-09-06,568,8,18,20,43,45,51,8 18 20 43 45 51
2018-09-13,569,12,17,21,40,41,43,12 17 21 40 41 43
2018-09-20,570,13,17,35,36,41,46,13 17 35 36 41 46
2018-09-27,571,11,18,24,41,45,54,11 18 24 41 45 54
2018-10-04,572,5,12,25,43,51,52,5 12 25 43 51 52
2018-10-11,573,7,13,24,35,39,44,7 13 24 35 39 44
2018-10-18,574,4,16,25,28,36,39,4 16 25 28 36 39
2018-10-25,575,10,18,22,26,28,32,10 18 22 26 28 32
2018-11-01,576,1,3,13,20,23,42,1 3 13 20 23 42
2018-11-08,577,5,6,10,16,17,27,5 6 10 16 17 27
2018-11-15,578,31,34,37,39,48,50,31 34 37 39 48 50
2018-11-22,579,1,4,24,39,47,51,1 4 24 39 47 51
2018-11-29,580,2,13,22,38,48,53,2 13 22 38 48 53
2018-12-06,581,6,17,28,34,47,53,6 17 28 34 47 53
2018-12-13,582,27,37,39,45,47,51,27 37 39 45 47 51
2018-12-20,583,7,13,21,28,37,54,7 13 21 28 37 54
2018-12-27,584,16,24,38,39,44,48,16 24 38 39 44 48
2019-01-03,585,2,5,27,36,40,51,2 5 27 36 40 51
2019-01-10,586,3,10,39,44,46,49,3 10 39 44 46 49
2019-01-17,587,1,2,38,40,42,52,1 2 38 40 42 52
2019-01-24,588,4,21,25,38,48,50,4 21 25 38 48 50
2019-01-31,589,10,13,30,31,48,50,10 13 30 31 48 50
2019-02-07,590,14,16,31,36,37,45,14 16 31 36 37 45
2019-02-14,591,10,26,28,32,34,40,10 26 28 32 34 40
2019-02-21,592,2,6,15,19,22,50,2 6 15 19 22 50
2019-02-28,593,10,11,22,24,42,43,10 11 22 24 42 43
2019-03-07,594,6,15,24,29,39,44,6 15 24 29 39 44
2019-03-14,595,4,32,41,42,43,53,4 32 41 42 43 53
2019-03-21,596,7,19,47,49,52,53,7 19 47 49 52 53
2019-03-28,597,11,27,46,49,51,53,11 27 46 49 51 53
2019-04-04,598,7,15,22,37,38,45,7 15 22 37 38 45
2019-04-11,599,9,11,12,14,17,51,9 11 12 14 17 51
2019-04-18,600,11,18,33,36,37,52,11 18 33 36 37 52
2019-04-25,601,1,32,42,43,44,51,1 32 42 43 44 51
2019-05-02,602,2,13,36,38,45,46,2 13 36 38 45 46
2019-05-09,603,2,22,25,27,35,44,2 22 25 27 35 44
2019-05-16,604,5,6,18,37,48,53,5 6 18 37 48 53
2019-05-23,605,10,27,31,34,36,47,10 27 31 34 36 47
2019-05-30,606,6,12,33,39,45,48,6 12 33 39 45 48
2019-06-06,607,5,10,12,20,26,49,5 10 12 20 26 49
2019-06-13,608,14,18,20,38,41,50,14 18 20 38 41 50
2019-06-20,609,5,21,33,38,42,49,5 21 33 38 42 49
2019-06-27,610,12,32,34,44,46,50,12 32 34 44 46 50
2019-07-04,611,11,14,21,25,43,48,11 14 21 25 43 48
2019-07-11,612,22,27,31,34,38,52,22 27 31 34 38 52
2019-07-18,613,2,30,36,43,47,52,2 30 36 43 47 52
2019-07-25,614,28,31,32,37,44,51,28 31 32 37 44 51
2019-08-01,615,13,24,26,40,50,53,13 24 26 40 50 53
2019-08-08,616,1,8,10,29,44,54,1 8 10 29 44 54
2019-08-15,617,1,8,9,11,24,30,1 8 9 11 24 30
2019-08-22,618,10,17,36,37,53,54,10 17 36 37 53 54
2019-08-29,619,3,8,13,21,42,45,3 8 13 21 42 45
2019-09-05,620,2,24,26,28,46,51,2 24 26 28 46 51
2019-09-12,621,7,22,38,39,53,54,7 22 38 39 53 54
2019-09-19,622,7,15,19,20,49,54,7 15 19 20 49 54
2019-09-26,623,2,6,8,41,46,50,2 6 8 41 46 50
2019-10-03,624,3,14,18,34,46,47,3 14 18 34 46 47
2019-10-10,625,5,12,18,43,46,49,5 12 18 43 46 49
2019-10-17,626,5,8,11,20,23,24,5 8 11 20 23 24
2019-10-24,627,1,4,11,15,17,31,1 4 11 15 17 31
2019-10-31,628,6,22,24,28,34,46,6 22 24 28 34 46
2019-11-07,629,3,6,16,19,28,45,3 6 16 19 28 45
2019-11-14,630,6,11,15,30,48,54,6 11 15 30 48 54
2019-11-21,631,21,25,28,40,44,49,21 25 28 40 44 49
2019-11-28,632,3,8,27,38,46,47,3 8 27 38 46 47
2019-12-05,633,20,26,27,32,35,53,20 26 27 32 35 53
2019-12-12,634,5,14,26,30,36,44,5 14 26 30 36 44
2019-12-19,635,2,9,15,36,44,52,2 9 15 36 44 52
2019-12-26,636,3,31,37,43,51,53,3 31 37 43 51 53
2020-01-02,637,13,14,32,35,38,41,13 14 32 35 38 41
2020-01-09,638,13,14,26,41,46,48,13 14 26 41 46 48
2020-01-16,639,3,26,30,33,36,49,3 26 30 33 36 49
2020-01-23,640,19,23,26,38,46,47,19 23 26 38 46 47
2020-01-30,641,4,10,12,20,29,44,4 10 12 20 29 44
2020-02-06,642,15,24,33,36,38,49,15 24 33 36 38 49
2020-02-13,643,11,13,20,27,38,44,11 13 20 27 38 44
2020-02-20,644,16,24,25,30,39,42,16 24 25 30 39 42
2020-02-27,645,15,18,29,32,41,42,15 18 29 32 41 42
2020-03-05,646,20,22,28,37,47,54,20 22 28 37 47 54
2020-03-12,647,5,24,25,26,32,49,5 24 25 26 32 49
2020-03-19,648,12,17,19,35,44,49,12 17 19 35 44 49
2020-03-26,649,5,6,10,33,35,47,5 6 10 33 35 47
2020-04-02,650,1,8,40,43,44,46,1 8 40 43 44 46
2020-04-09,651,14,24,25,26,32,47,14 24 25 26 32 47
2020-04-16,652,18,40,44,50,52,54,18 40 44 50 52 54
2020-04-23,653,9,17,19,20,38,52,9 17 19 20 38 52
2020-04-30,654,3,6,7,8,46,47,3 6 7 8 46 47
2020-05-07,655,12,15,28,29,37,42,12 15 28 29 37 42
2020-05-14,656,3,7,24,38,40,46,3 7 24 38 40 46
2020-05-21,657,7,11,23,37,41,48,7 11 23 37 41 48
2020-05-28,658,3,16,26,34,38,43,3 16 26 34 38 43
2020-06-04,659,2,24,28,35,44,48,2 24 28 35 44 48
2020-06-11,660,2,9,15,19,29,51,2 9 15 19 29 51
2020-06-18,661,7,8,20,37,43,46,7 8 20 37 43 46
2020-06-25,662,11,16,18,35,39,43,11 16 18 35 39 43
2020-07-02,663,1,9,17,21,36,39,1 9 17 21 36 39
2020-07-09,664,1,2,12,20,28,35,1 2 12 20 28 35
2020-07-16,665,2,12,19,22,33,38,2 12 19 22 33 38
2020-07-23,666,8,10,15,16,17,47,8 10 15 16 17 47
2020-07-30,667,5,11,31,40,45,53,5 11 31 40 45 53
2020-08-02,1,9,16,18,44,47,51,9 16 18 44 47 51
2020-08-04,2,17,19,32,37,41,54,17 19 32 37 41 54
2020-08-06,3,9,20,21,25,38,53,9 20 21 25 38 53
2020-08-08,17,23,27,30,36,49,54,23 27 30 36 49 54
2020-08-09,4,4,6,14,22,38,58,4 6 14 22 38 58
2020-08-11,5,1,9,14,40,48,58,1 9 14 40 48 58
2020-08-13,6,13,26,29,33,35,50,13 26 29 33 35 50
2020-08-16,7,2,6,17,37,50,53,2 6 17 37 50 53
2020-08-18,8,10,15,17,24,26,32,10 15 17 24 26 32
2020-08-20,9,1,16,21,25,27,33,1 16 21 25 27 33
2020-08-23,10,13,16,35,37,54,56,13 16 35 37 54 56
2020-08-25,11,3,5,6,10,48,60,3 5 6 10 48 60
2020-08-27,12,6,10,31,43,52,59,6 10 31 43 52 59
2020-08-30,13,5,8,19,20,23,43,5 8 19 20 23 43
2020-09-01,14,21,22,28,32,47,50,21 22 28 32 47 50
2020-09-03,15,5,8,10,11,24,31,5 8 10 11 24 31
2020-09-06,16,12,16,28,31,37,43,12 16 28 31 37 43
2020-09-10,18,6,17,26,27,40,48,6 17 26 27 40 48
2020-09-13,19,5,11,26,40,51,53,5 11 26 40 51 53
2020-09-15,20,7,8,24,33,45,46,7 8 24 33 45 46
2020-09-17,21,7,19,37,45,48,53,7 19 37 45 48 53
2020-09-20,22,3,4,7,10,44,47,3 4 7 10 44 47
2020-09-22,23,3,8,33,37,38,44,3 8 33 37 38 44
2020-09-24,24,3,14,20,21,40,55,3 14 20 21 40 55
2020-09-27,25,5,7,8,35,37,44,5 7 8 35 37 44
2020-09-29,26,1,14,20,31,46,50,1 14 20 31 46 50
2020-10-01,27,4,10,33,39,51,54,4 10 33 39 51 54
2020-10-04,28,16,23,29,40,46,51,16 23 29 40 46 51
2020-10-06,29,1,4,20,21,25,29,1 4 20 21 25 29
2020-10-08,30,1,10,21,25,42,48,1 10 21 25 42 48
2020-10-11,31,11,29,38,39,41,57,11 29 38 39 41 57
2020-10-13,32,11,16,22,31,37,52,11 16 22 31 37 52
2020-10-15,33,1,30,31,42,47,59,1 30 31 42 47 59
2020-10-18,34,1,13,18,23,36,53,1 13 18 23 36 53
2020-10-20,35,6,16,30,36,46,58,6 16 30 36 46 58
2020-10-22,36,2,4,15,28,36,52,2 4 15 28 36 52
2020-10-25,37,1,30,38,42,47,52,1 30 38 42 47 52
2020-10-27,38,21,26,31,35,50,58,21 26 31 35 50 58
2020-10-29,39,14,33,40,48,49,60,14 33 40 48 49 60
2020-11-01,40,23,29,37,38,42,43,23 29 37 38 42 43
2020-11-03,41,10,11,12,21,25,49,10 11 12 21 25 49
2020-11-05,42,10,23,39,40,54,56,10 23 39 40 54 56
2020-11-08,43,3,19,39,41,47,53,3 19 39 41 47 53
2020-11-10,44,10,14,20,35,48,60,10 14 20 35 48 60
2020-11-12,45,2,20,41,42,58,60,2 20 41 42 58 60
2020-11-15,46,2,7,14,21,25,42,2 7 14 21 25 42
2020-11-16,51,10,11,35,46,49,56,10 11 35 46 49 56
2020-11-17,47,5,18,24,28,42,51,5 18 24 28 42 51
2020-11-19,48,6,10,29,53,54,55,6 10 29 53 54 55
2020-11-22,49,6,15,22,24,37,44,6 15 22 24 37 44
2020-11-24,50,13,16,36,38,43,48,13 16 36 38 43 48
2020-11-29,52,3,7,36,49,50,52,3 7 36 49 50 52
2020-12-01,53,13,20,33,41,42,57,13 20 33 41 42 57
2020-12-03,54,2,12,19,29,42,60,2 12 19 29 42 60
2020-12-06,55,19,26,27,31,32,39,19 26 27 31 32 39
2020-12-08,56,5,9,13,14,20,53,5 9 13 14 20 53
2020-12-10,57,3,10,12,29,32,51,3 10 12 29 32 51
2020-12-13,58,8,26,28,36,38,42,8 26 28 36 38 42
2020-12-15,59,15,23,24,38,45,46,15 23 24 38 45 46
2020-12-17,60,3,5,31,38,41,58,3 5 31 38 41 58
2020-12-20,61,30,34,41,49,55,59,30 34 41 49 55 59
2020-12-22,62,2,7,20,29,37,41,2 7 20 29 37 41
2020-12-24,63,5,24,26,28,29,37,5 24 26 28 29 37
2020-12-27,64,9,20,24,26,28,52,9 20 24 26 28 52
2020-12-29,65,10,32,34,41,49,54,10 32 34 41 49 54
2020-12-31,66,4,18,23,26,36,56,4 18 23 26 36 56
2021-01-03,1,8,14,15,20,27,37,8 14 15 20 27 37
2021-01-05,2,2,9,14,35,39,49,2 9 14 35 39 49
2021-01-07,3,19,23,24,28,30,57,19 23 24 28 30 57
2021-01-10,4,10,24,27,33,35,40,10 24 27 33 35 40
2021-01-12,5,21,27,32,51,54,55,21 27 32 51 54 55
2021-01-14,6,15,22,38,41,45,51,15 22 38 41 45 51
2021-01-17,7,1,5,7,8,15,16,1 5 7 8 15 16
2021-01-19,8,8,11,15,23,25,42,8 11 15 23 25 42
2021-01-21,9,22,29,39,46,48,60,22 29 39 46 48 60
2021-01-24,10,9,11,13,26,29,32,9 11 13 26 29 32
2021-01-26,11,11,25,33,38,51,56,11 25 33 38 51 56
2021-01-28,12,20,22,24,38,45,53,20 22 24 38 45 53
2021-01-30,13,1,7,36,44,46,59,1 7 36 44 46 59
2021-02-02,14,1,9,11,12,23,40,1 9 11 12 23 40
2021-02-04,15,17,40,41,52,57,59,17 40 41 52 57 59
2021-02-07,16,18,26,38,53,57,59,18 26 38 53 57 59
2021-02-09,17,18,25,30,36,44,53,18 25 30 36 44 53
2021-02-11,18,6,15,20,25,54,59,6 15 20 25 54 59
2021-02-14,19,12,23,43,45,48,49,12 23 43 45 48 49
2021-02-16,20,1,8,12,40,52,56,1 8 12 40 52 56
2021-02-17,21,5,17,36,39,49,53,5 17 36 39 49 53
2021-02-18,21,8,16,26,28,44,52,8 16 26 28 44 52
2021-02-21,22,1,10,19,29,49,55,1 10 19 29 49 55
2021-02-23,23,15,17,36,45,52,60,15 17 36 45 52 60
2021-02-25,24,8,11,22,37,40,60,8 11 22 37 40 60
2021-02-28,25,1,9,11,56,59,60,1 9 11 56 59 60
2021-03-02,26,13,35,41,42,48,58,13 35 41 42 48 58
2021-03-04,27,14,19,23,29,39,59,14 19 23 29 39 59
2021-03-07,28,10,17,28,35,42,59,10 17 28 35 42 59
2021-03-09,29,23,32,35,38,41,47,23 32 35 38 41 47
2021-03-11,30,13,30,36,40,43,49,13 30 36 40 43 49
2021-03-14,31,5,22,31,37,38,44,5 22 31 37 38 44
2021-03-16,32,13,21,32,45,57,58,13 21 32 45 57 58
2021-03-18,33,3,9,21,22,48,53,3 9 21 22 48 53
2021-03-21,34,4,6,39,42,43,45,4 6 39 42 43 45
2021-03-23,35,10,18,24,30,32,46,10 18 24 30 32 46
2021-03-25,36,4,6,11,31,42,46,4 6 11 31 42 46
2021-03-28,37,2,3,33,44,50,54,2 3 33 44 50 54
2021-03-30,38,5,21,22,24,44,55,5 21 22 24 44 55
2021-04-01,39,5,22,24,48,50,52,5 22 24 48 50 52
2021-04-04,40,2,15,42,44,48,56,2 15 42 44 48 56
2021-04-06,41,7,32,35,50,52,55,7 32 35 50 52 55
2021-04-08,42,11,14,27,35,48,58,11 14 27 35 48 58
2021-04-11,43,19,31,38,40,53,60,19 31 38 40 53 60
2021-04-13,44,10,39,44,46,48,49,10 39 44 46 48 49
2021-04-15,45,4,9,37,43,45,54,4 9 37 43 45 54
2021-04-18,46,3,7,12,23,49,59,3 7 12 23 49 59
2021-04-20,47,2,16,18,39,45,50,2 16 18 39 45 50
2021-04-22,48,34,37,41,46,56,58,34 37 41 46 56 58
2021-04-25,49,5,11,18,40,47,59,5 11 18 40 47 59
2021-04-27,50,12,16,31,33,36,59,12 16 31 33 36 59
2021-04-29,51,16,30,35,36,46,59,16 30 35 36 46 59
2021-05-02,52,10,39,44,57,58,59,10 39 44 57 58 59
2021-05-04,53,2,27,36,38,40,56,2 27 36 38 40 56
2021-05-06,54,5,12,37,42,44,60,5 12 37 42 44 60
2021-05-09,55,7,29,48,53,56,58,7 29 48 53 56 58
2021-05-11,56,9,21,28,40,50,59,9 21 28 40 50 59
2021-05-13,57,2,7,13,20,24,32,2 7 13 20 24 32
2021-05-16,58,1,3,4,5,28,58,1 3 4 5 28 58
2021-05-18,59,20,28,40,43,52,55,20 28 40 43 52 55
2021-05-20,60,1,22,25,35,41,43,1 22 25 35 41 43
2021-05-23,61,10,29,35,44,47,59,10 29 35 44 47 59
2021-05-25,62,16,23,24,35,37,57,16 23 24 35 37 57
2021-05-27,63,12,27,36,40,47,53,12 27 36 40 47 53
2021-05-30,64,20,25,35,45,46,47,20 25 35 45 46 47
2021-06-01,65,8,9,20,27,31,55,8 9 20 27 31 55
2021-06-03,66,5,24,43,50,54,58,5 24 43 50 54 58
2021-06-06,67,4,16,29,32,34,46,4 16 29 32 34 46
2021-06-08,68,8,24,39,53,57,59,8 24 39 53 57 59
2021-06-10,69,10,18,28,32,42,47,10 18 28 32 42 47
2021-06-13,70,11,12,14,41,50,54,11 12 14 41 50 54
2021-06-15,71,1,9,25,27,39,55,1 9 25 27 39 55
2021-06-17,72,1,13,37,39,48,58,1 13 37 39 48 58
2021-06-20,73,5,6,9,12,38,44,5 6 9 12 38 44
2021-06-22,74,19,20,27,28,48,50,19 20 27 28 48 50
2021-06-24,75,4,14,17,23,51,60,4 14 17 23 51 60
2021-06-27,76,3,8,39,44,52,58,3 8 39 44 52 58
2021-06-29,77,5,13,14,17,34,48,5 13 14 17 34 48
2021-07-01,78,7,16,26,31,38,55,7 16 26 31 38 55
2021-07-04,79,7,14,22,36,54,60,7 14 22 36 54 60
2021-07-06,80,21,22,28,47,48,54,21 22 28 47 48 54
2021-07-08,81,4,7,10,19,47,55,4 7 10 19 47 55
2021-07-11,82,9,15,22,42,58,59,9 15 22 42 58 59
2021-07-13,83,20,25,29,36,50,55,20 25 29 36 50 55
2021-07-15,84,7,9,14,21,38,47,7 9 14 21 38 47
2021-07-18,85,3,9,24,39,51,56,3 9 24 39 51 56
2021-07-20,86,11,20,30,40,44,52,11 20 30 40 44 52
2021-07-22,87,11,36,41,49,52,53,11 36 41 49 52 53
2021-07-25,88,4,18,26,27,30,56,4 18 26 27 30 56
2021-07-27,89,12,16,24,43,53,60,12 16 24 43 53 60
2021-07-29,90,6,10,20,21,24,45,6 10 20 21 24 45
2021-08-01,91,31,33,37,43,45,51,31 33 37 43 45 51
2021-08-03,92,7,16,22,24,49,56,7 16 22 24 49 56
2021-08-05,93,7,10,14,27,37,50,7 10 14 27 37 50
2021-08-08,94,3,9,21,27,42,60,3 9 21 27 42 60
2021-08-10,95,3,11,30,38,45,56,3 11 30 38 45 56
2021-08-12,96,5,25,26,27,45,52,5 25 26 27 45 52
2021-08-15,97,9,10,24,26,32,46,9 10 24 26 32 46
2021-08-17,98,5,8,21,31,57,60,5 8 21 31 57 60
2021-08-19,99,1,27,28,47,53,59,1 27 28 47 53 59
2021-08-22,100,34,46,48,50,52,56,34 46 48 50 52 56
2021-08-24,101,21,30,32,43,50,58,21 30 32 43 50 58
2021-08-26,102,2,22,26,37,44,49,2 22 26 37 44 49
2021-08-29,103,6,27,37,49,52,53,6 27 37 49 52 53
2021-08-31,104,5,21,35,36,55,57,5 21 35 36 55 57
2021-09-02,105,16,19,31,43,58,60,16 19 31 43 58 60
2021-09-05,106,5,16,36,37,50,51,5 16 36 37 50 51
2021-09-07,107,18,25,42,45,54,60,18 25 42 45 54 60
2021-09-07,120,7,17,23,41,44,47,7 17 23 41 44 47
2021-09-10,108,11,18,26,34,42,60,11 18 26 34 42 60
2021-09-12,109,1,10,17,22,50,58,1 10 17 22 50 58
2021-09-14,110,7,14,18,31,43,47,7 14 18 31 43 47
2021-09-16,111,14,16,20,29,36,38,14 16 20 29 36 38
2021-09-19,112,5,17,27,38,47,52,5 17 27 38 47 52
2021-09-21,113,13,15,26,30,48,59,13 15 26 30 48 59
2021-09-23,114,3,15,20,45,56,58,3 15 20 45 56 58
2021-09-26,115,7,13,22,26,44,56,7 13 22 26 44 56
2021-09-28,116,15,26,27,37,51,58,15 26 27 37 51 58
2021-09-30,117,8,10,28,39,49,60,8 10 28 39 49 60
2021-10-03,118,7,19,24,27,47,58,7 19 24 27 47 58
2021-10-05,119,9,18,25,36,41,59,9 18 25 36 41 59
2021-10-10,121,3,18,32,33,47,58,3 18 32 33 47 58
2021-10-12,122,9,15,17,18,32,43,9 15 17 18 32 43
2021-10-14,123,3,8,20,23,43,48,3 8 20 23 43 48
2021-10-17,124,8,37,42,43,56,57,8 37 42 43 56 57
2021-10-19,125,16,19,26,31,35,36,16 19 26 31 35 36
2021-10-21,126,23,25,34,35,36,55,23 25 34 35 36 55
2021-10-24,127,6,17,23,31,47,55,6 17 23 31 47 55
2021-10-26,128,1,8,22,30,36,56,1 8 22 30 36 56
2021-10-28,129,22,28,53,54,58,59,22 28 53 54 58 59
2021-10-31,130,5,32,34,44,48,50,5 32 34 44 48 50
2021-11-02,131,5,14,34,37,49,51,5 14 34 37 49 51
2021-11-04,132,3,18,37,44,56,60,3 18 37 44 56 60
2021-11-07,133,4,22,28,37,39,56,4 22 28 37 39 56
2021-11-09,134,1,5,7,12,29,37,1 5 7 12 29 37
2021-11-11,135,3,6,9,21,39,49,3 6 9 21 39 49
2021-11-14,136,13,26,28,33,47,58,13 26 28 33 47 58
2021-11-16,137,5,13,20,37,55,60,5 13 20 37 55 60
2021-11-18,138,9,19,20,42,54,59,9 19 20 42 54 59
2021-11-21,139,9,28,30,33,44,46,9 28 30 33 44 46
2021-11-23,140,7,14,27,39,46,58,7 14 27 39 46 58
2021-11-25,141,16,28,29,33,40,49,16 28 29 33 40 49
2021-11-28,142,21,24,41,48,49,54,21 24 41 48 49 54
2021-11-30,143,24,27,43,45,51,53,24 27 43 45 51 53
2021-12-02,144,12,23,27,40,49,55,12 23 27 40 49 55
2021-12-05,145,10,17,20,29,51,60,10 17 20 29 51 60
2021-12-07,146,20,27,29,32,44,48,20 27 29 32 44 48
2021-12-09,147,15,20,29,32,39,46,15 20 29 32 39 46
2021-12-12,148,17,19,37,51,55,59,17 19 37 51 55 59
2021-12-14,149,9,34,35,36,40,57,9 34 35 36 40 57
2021-12-16,150,24,44,48,55,57,58,24 44 48 55 57 58
2021-12-19,151,8,15,16,28,30,53,8 15 16 28 30 53
2021-12-21,152,9,21,31,36,37,53,9 21 31 36 37 53
2021-12-23,153,24,41,44,51,55,59,24 41 44 51 55 59
2021-12-26,154,12,15,35,39,40,51,12 15 35 39 40 51
2021-12-28,155,15,18,26,31,42,52,15 18 26 31 42 52
2021-12-30,156,6,11,33,35,47,58,6 11 33 35 47 58
2022-01-02,1,41,43,46,47,48,51,41 43 46 47 48 51
2022-01-04,2,1,3,7,29,36,58,1 3 7 29 36 58
2022-01-06,3,7,11,22,25,33,53,7 11 22 25 33 53
2022-01-09,4,14,19,20,37,45,46,14 19 20 37 45 46
2022-01-11,5,9,12,16,17,35,59,9 12 16 17 35 59
2022-01-13,6,3,7,9,17,40,47,3 7 9 17 40 47
2022-01-16,7,1,6,16,36,50,59,1 6 16 36 50 59
2022-01-18,8,7,9,16,27,32,44,7 9 16 27 32 44
2022-01-20,9,3,8,10,44,52,55,3 8 10 44 52 55
2022-01-23,10,9,18,28,37,59,60,9 18 28 37 59 60
2022-01-25,11,11,13,25,31,38,56,11 13 25 31 38 56
2022-01-27,12,6,13,44,47,49,58,6 13 44 47 49 58
2022-01-30,13,4,13,15,36,37,57,4 13 15 36 37 57
2022-02-01,14,2,4,15,17,29,35,2 4 15 17 29 35
2022-02-03,15,14,16,19,37,43,53,14 16 19 37 43 53
2022-02-06,16,3,4,10,37,40,52,3 4 10 37 40 52
2022-02-08,17,26,28,35,40,48,57,26 28 35 40 48 57
2022-02-10,18,21,25,42,45,54,56,21 25 42 45 54 56
2022-02-13,19,14,19,38,47,52,53,14 19 38 47 52 53
2022-02-15,20,9,13,22,35,37,59,9 13 22 35 37 59
2022-02-20,22,11,26,30,36,38,55,11 26 30 36 38 55
2022-02-22,23,17,28,40,50,52,56,17 28 40 50 52 56
2022-02-24,24,11,31,32,41,44,58,11 31 32 41 44 58
2022-02-27,25,2,6,18,27,30,38,2 6 18 27 30 38
2022-03-01,26,5,9,10,16,31,47,5 9 10 16 31 47
2022-03-03,27,1,3,4,43,55,58,1 3 4 43 55 58
2022-03-06,28,9,15,16,28,43,58,9 15 16 28 43 58
2022-03-08,29,2,7,19,21,40,58,2 7 19 21 40 58
2022-03-10,30,19,37,39,47,52,55,19 37 39 47 52 55
2022-03-13,31,6,25,38,40,52,59,6 25 38 40 52 59
2022-03-15,32,6,23,25,45,51,58,6 23 25 45 51 58
2022-03-17,33,9,23,26,27,30,41,9 23 26 27 30 41
2022-03-20,34,1,26,29,30,39,54,1 26 29 30 39 54
2022-03-22,35,11,12,25,29,34,51,11 12 25 29 34 51
2022-03-24,36,3,11,15,17,38,54,3 11 15 17 38 54
2022-03-27,37,18,38,42,47,48,55,18 38 42 47 48 55
2022-03-29,38,22,30,33,43,44,48,22 30 33 43 44 48
2022-03-31,39,13,16,21,45,54,60,13 16 21 45 54 60
2022-04-03,40,7,8,10,14,34,40,7 8 10 14 34 40
2022-04-05,41,5,18,24,41,47,60,5 18 24 41 47 60
2022-04-07,42,11,12,30,44,48,49,11 12 30 44 48 49
2022-04-10,43,17,31,35,43,45,49,17 31 35 43 45 49
2022-04-12,44,10,36,37,54,56,57,10 36 37 54 56 57
2022-04-14,45,1,13,19,44,49,51,1 13 19 44 49 51
2022-04-17,46,7,11,26,28,40,57,7 11 26 28 40 57
2022-04-19,47,1,13,25,28,36,59,1 13 25 28 36 59
2022-04-21,48,5,7,15,16,45,58,5 7 15 16 45 58
2022-04-24,49,20,22,26,30,40,55,20 22 26 30 40 55
2022-04-26,50,7,16,31,34,38,42,7 16 31 34 38 42
2022-04-28,51,1,11,16,18,26,36,1 11 16 18 26 36
2022-05-01,52,15,22,33,39,54,55,15 22 33 39 54 55
2022-05-03,53,15,32,33,39,46,49,15 32 33 39 46 49
2022-05-05,54,2,8,16,26,46,57,2 8 16 26 46 57
2022-05-08,55,13,25,40,44,51,59,13 25 40 44 51 59
2022-05-10,56,31,35,51,52,55,57,31 35 51 52 55 57
2022-05-12,57,25,26,38,39,42,47,25 26 38 39 42 47
2022-05-15,58,2,10,37,38,39,48,2 10 37 38 39 48
2022-05-17,59,7,17,34,44,49,57,7 17 34 44 49 57
2022-05-19,60,23,25,31,34,50,59,23 25 31 34 50 59
2022-05-22,61,7,22,26,28,38,48,7 22 26 28 38 48
2022-05-24,62,16,22,40,46,47,60,16 22 40 46 47 60
2022-05-26,63,2,9,11,20,39,46,2 9 11 20 39 46
2022-05-29,64,29,36,38,46,47,51,29 36 38 46 47 51
2022-05-31,65,9,14,18,20,23,56,9 14 18 20 23 56
2022-06-02,66,33,35,37,41,46,58,33 35 37 41 46 58
2022-06-05,67,3,14,22,29,40,41,3 14 22 29 40 41
2022-06-07,68,15,20,21,34,42,57,15 20 21 34 42 57
2022-06-09,69,2,5,6,8,47,55,2 5 6 8 47 55
2022-06-12,70,4,14,27,31,48,58,4 14 27 31 48 58
2022-06-14,71,13,14,15,37,38,45,13 14 15 37 38 45
2022-06-16,72,5,7,24,29,52,57,5 7 24 29 52 57
2022-06-19,73,5,7,30,33,50,53,5 7 30 33 50 53
2022-06-21,74,8,9,23,27,52,59,8 9 23 27 52 59
2022-06-23,75,8,12,23,25,38,42,8 12 23 25 38 42
2022-06-26,76,11,17,36,42,47,57,11 17 36 42 47 57
2022-06-28,77,19,36,42,49,54,55,19 36 42 49 54 55
2022-06-30,78,5,19,28,31,35,49,5 19 28 31 35 49
2022-07-03,79,3,19,25,33,45,50,3 19 25 33 45 50
2022-07-05,80,9,19,29,30,50,52,9 19 29 30 50 52
2022-07-07,81,2,7,19,37,49,53,2 7 19 37 49 53
2022-07-10,82,7,26,36,52,54,58,7 26 36 52 54 58
2022-07-12,83,2,18,19,25,42,57,2 18 19 25 42 57
2022-07-14,84,3,20,26,29,31,59,3 20 26 29 31 59
2022-07-17,85,9,15,24,35,36,59,9 15 24 35 36 59
2022-07-19,86,14,21,25,31,34,43,14 21 25 31 34 43
2022-07-21,87,17,19,25,28,48,50,17 19 25 28 48 50
2022-07-24,88,3,5,40,51,56,57,3 5 40 51 56 57
2022-07-26,89,7,29,32,37,44,50,7 29 32 37 44 50
2022-07-28,90,4,8,23,54,57,60,4 8 23 54 57 60
2022-07-31,91,9,19,22,23,42,44,9 19 22 23 42 44
2022-08-02,92,13,20,28,42,49,57,13 20 28 42 49 57
2022-08-04,93,4,16,19,39,54,56,4 16 19 39 54 56
2022-08-07,94,2,19,22,35,41,42,2 19 22 35 41 42
2022-08-09,95,7,39,48,49,57,58,7 39 48 49 57 58
2022-08-11,96,5,13,14,19,20,56,5 13 14 19 20 56
2022-08-14,97,5,12,29,39,43,56,5 12 29 39 43 56
2022-08-16,98,12,17,22,41,45,46,12 17 22 41 45 46
2022-08-18,99,6,9,12,30,38,54,6 9 12 30 38 54
2022-08-21,100,3,24,26,41,52,57,3 24 26 41 52 57
2022-08-23,101,9,11,21,29,34,52,9 11 21 29 34 52
2022-08-25,102,4,10,16,35,42,50,4 10 16 35 42 50
2022-08-28,103,2,10,15,23,27,43,2 10 15 23 27 43
2022-08-30,104,11,27,33,43,47,57,11 27 33 43 47 57
2022-09-01,105,2,28,29,42,46,58,2 28 29 42 46 58
2022-09-04,106,8,16,17,19,25,31,8 16 17 19 25 31
2022-09-06,107,15,19,23,26,45,55,15 19 23 26 45 55
2022-09-08,108,9,22,24,34,38,59,9 22 24 34 38 59
2022-09-11,109,17,24,27,47,48,54,17 24 27 47 48 54
2022-09-13,110,15,21,24,38,50,58,15 21 24 38 50 58
2022-09-15,111,3,17,18,20,26,44,3 17 18 20 26 44
2022-09-18,112,6,18,19,43,50,51,6 18 19 43 50 51
2022-09-20,113,3,4,10,20,34,55,3 4 10 20 34 55
2022-09-22,114,4,10,13,17,30,48,4 10 13 17 30 48
2022-09-25,115,11,13,20,40,44,46,11 13 20 40 44 46
2022-09-27,116,13,14,26,28,36,60,13 14 26 28 36 60
2022-09-29,117,13,17,27,44,45,57,13 17 27 44 45 57
2022-10-02,118,3,9,28,29,43,58,3 9 28 29 43 58
2022-10-04,119,9,12,21,42,46,48,9 12 21 42 46 48
2022-10-06,120,8,14,25,40,55,60,8 14 25 40 55 60
2022-10-09,121,4,8,31,44,48,59,4 8 31 44 48 59
2022-10-11,122,6,11,35,39,40,48,6 11 35 39 40 48
2022-10-13,123,1,9,13,14,32,46,1 9 13 14 32 46
2022-10-16,124,1,10,16,31,45,57,1 10 16 31 45 57
2022-10-18,125,3,9,13,15,34,55,3 9 13 15 34 55
2022-10-20,126,7,16,22,54,55,58,7 16 22 54 55 58
2022-10-23,127,7,14,18,35,40,56,7 14 18 35 40 56
2022-10-25,128,11,33,48,49,50,52,11 33 48 49 50 52
2022-10-27,129,16,21,42,44,47,51,16 21 42 44 47 51
2022-10-30,130,7,9,10,16,25,26,7 9 10 16 25 26
2022-11-01,131,11,16,26,27,33,38,11 16 26 27 33 38
2022-11-03,132,4,7,14,38,49,55,4 7 14 38 49 55
2022-11-06,133,19,25,27,30,37,60,19 25 27 30 37 60
2022-11-08,134,3,8,11,12,39,49,3 8 11 12 39 49
2022-11-10,135,6,17,20,32,35,52,6 17 20 32 35 52
2022-11-13,136,4,9,13,32,33,44,4 9 13 32 33 44
2022-11-15,137,21,24,35,46,52,53,21 24 35 46 52 53
2022-11-17,138,5,22,26,35,43,46,5 22 26 35 43 46
2022-11-20,139,6,17,35,37,43,53,6 17 35 37 43 53
2022-11-22,140,2,32,37,38,50,58,2 32 37 38 50 58
2022-11-24,141,6,10,17,23,54,57,6 10 17 23 54 57
2022-11-27,142,3,12,16,48,49,60,3 12 16 48 49 60
2022-11-29,143,9,24,26,31,50,60,9 24 26 31 50 60
2022-12-01,144,3,5,35,57,58,60,3 5 35 57 58 60
2022-12-04,145,9,21,32,37,46,51,9 21 32 37 46 51
2022-12-06,146,8,24,27,31,42,44,8 24 27 31 42 44
2022-12-08,147,3,26,44,49,54,59,3 26 44 49 54 59
2022-12-11,148,2,6,14,16,42,59,2 6 14 16 42 59
2022-12-13,149,4,21,30,38,49,57,4 21 30 38 49 57
2022-12-15,150,1,3,10,18,45,60,1 3 10 18 45 60
2022-12-18,151,12,18,23,25,35,48,12 18 23 25 35 48
2022-12-20,152,12,18,21,29,51,53,12 18 21 29 51 53
2022-12-22,153,21,37,39,50,58,60,21 37 39 50 58 60
2022-12-25,154,1,8,21,23,31,43,1 8 21 23 31 43
2022-12-27,155,3,6,11,30,45,60,3 6 11 30 45 60
2022-12-29,156,3,5,12,45,48,58,3 5 12 45 48 58
2023-01-01,1,3,18,26,31,41,43,3 18 26 31 41 43
2023-01-03,2,3,4,29,30,45,51,3 4 29 30 45 51
2023-01-05,3,5,15,17,43,48,53,5 15 17 43 48 53
2023-01-08,4,8,10,21,44,51,54,8 10 21 44 51 54
2023-01-10,5,15,24,29,30,44,49,15 24 29 30 44 49
2023-01-12,6,13,15,21,24,32,45,13 15 21 24 32 45
2023-01-15,7,2,12,18,24,43,52,2 12 18 24 43 52
2023-01-17,8,4,25,33,37,41,45,4 25 33 37 41 45
2023-01-19,9,2,27,30,43,46,58,2 27 30 43 46 58
2023-01-22,10,7,8,9,30,31,56,7 8 9 30 31 56
2023-01-24,11,1,6,16,35,56,59,1 6 16 35 56 59
2023-01-26,12,3,5,8,50,52,59,3 5 8 50 52 59
2023-01-29,13,7,9,10,14,35,60,7 9 10 14 35 60
2023-01-31,14,20,34,42,44,47,49,20 34 42 44 47 49
2023-02-02,15,20,21,32,39,46,59,20 21 32 39 46 59
2023-02-05,16,6,28,30,37,38,53,6 28 30 37 38 53
2023-02-07,17,2,9,21,34,43,47,2 9 21 34 43 47
2023-02-09,18,2,28,49,51,56,60,2 28 49 51 56 60
2023-02-12,19,18,23,25,30,46,49,18 23 25 30 46 49
2023-02-14,20,3,6,19,24,40,52,3 6 19 24 40 52
2023-02-16,21,3,17,38,44,45,51,3 17 38 44 45 51
2023-02-19,22,1,18,22,53,56,59,1 18 22 53 56 59
2023-02-21,23,9,15,16,38,45,46,9 15 16 38 45 46
2023-02-23,24,11,16,20,26,45,57,11 16 20 26 45 57
2023-02-26,25,8,19,25,31,38,60,8 19 25 31 38 60
2023-02-28,26,6,10,12,19,35,47,6 10 12 19 35 47
2023-03-02,27,8,38,40,46,49,56,8 38 40 46 49 56
2023-03-05,28,7,9,21,37,52,53,7 9 21 37 52 53
2023-03-07,29,1,7,27,31,37,38,1 7 27 31 37 38
2023-03-09,30,6,16,41,44,57,60,6 16 41 44 57 60
2023-03-12,31,2,31,34,35,45,60,2 31 34 35 45 60
2023-03-14,32,12,19,35,36,55,57,12 19 35 36 55 57
2023-03-16,33,4,5,23,26,40,56,4 5 23 26 40 56
2023-03-19,34,1,6,17,25,32,53,1 6 17 25 32 53
2023-03-21,35,11,17,19,29,45,55,11 17 19 29 45 55
2023-03-23,36,8,11,21,43,45,59,8 11 21 43 45 59
2023-03-26,37,7,9,40,43,49,57,7 9 40 43 49 57
2023-03-28,38,16,25,32,33,38,44,16 25 32 33 38 44
2023-03-30,39,1,25,33,35,53,56,1 25 33 35 53 56
2023-04-02,40,13,21,26,30,54,55,13 21 26 30 54 55
2023-04-04,41,2,6,16,39,40,57,2 6 16 39 40 57
2023-04-06,42,2,18,25,27,48,58,2 18 25 27 48 58
2023-04-09,43,21,24,28,33,34,49,21 24 28 33 34 49
2023-04-11,44,8,10,13,33,36,40,8 10 13 33 36 40
2023-04-13,45,2,6,8,20,57,59,2 6 8 20 57 59
2023-04-16,46,1,23,40,50,53,56,1 23 40 50 53 56
2023-04-18,47,8,30,36,37,57,58,8 30 36 37 57 58
2023-04-20,48,4,11,15,28,29,55,4 11 15 28 29 55
2023-04-23,49,1,8,9,21,22,31,1 8 9 21 22 31
2023-04-25,50,1,5,19,34,43,56,1 5 19 34 43 56
2023-04-27,51,11,15,17,32,33,52,11 15 17 32 33 52
2023-04-30,52,1,8,37,38,41,53,1 8 37 38 41 53
2023-05-02,53,29,34,41,52,53,57,29 34 41 52 53 57
2023-05-04,54,9,30,46,47,51,57,9 30 46 47 51 57
2023-05-07,55,11,14,21,28,54,58,11 14 21 28 54 58
2023-05-09,56,2,14,28,34,58,60,2 14 28 34 58 60
2023-05-11,57,4,9,29,43,47,53,4 9 29 43 47 53
2023-05-13,62,1,19,21,37,41,51,1 19 21 37 41 51
2023-05-14,58,4,7,15,39,56,60,4 7 15 39 56 60
2023-05-16,59,16,22,32,34,47,48,16 22 32 34 47 48
2023-05-18,60,7,17,20,30,35,39,7 17 20 30 35 39
2023-05-21,61,10,29,45,49,56,57,10 29 45 49 56 57
2023-05-25,63,1,17,38,41,52,57,1 17 38 41 52 57
2023-05-28,64,9,24,28,38,41,51,9 24 28 38 41 51
2023-05-30,65,2,6,7,10,31,47,2 6 7 10 31 47
2023-06-01,66,5,7,17,18,19,56,5 7 17 18 19 56
2023-06-04,67,24,27,40,41,44,45,24 27 40 41 44 45
2023-06-06,68,18,19,25,33,42,54,18 19 25 33 42 54
2023-06-08,69,5,6,20,43,53,56,5 6 20 43 53 56
2023-06-11,70,8,16,19,36,51,57,8 16 19 36 51 57
2023-06-13,71,20,29,33,42,44,49,20 29 33 42 44 49
2023-06-15,72,3,4,16,28,51,57,3 4 16 28 51 57
2023-06-18,73,6,8,16,32,34,40,6 8 16 32 34 40
2023-06-20,74,29,34,41,42,56,57,29 34 41 42 56 57
2023-06-22,75,22,25,33,47,53,55,22 25 33 47 53 55
2023-06-25,76,1,8,9,20,26,60,1 8 9 20 26 60
2023-06-27,77,3,4,20,30,35,40,3 4 20 30 35 40
2023-06-29,78,26,33,43,48,56,60,26 33 43 48 56 60
2023-07-02,79,2,7,8,24,28,56,2 7 8 24 28 56
2023-07-04,80,5,6,11,20,58,60,5 6 11 20 58 60
2023-07-06,81,18,32,40,41,42,45,18 32 40 41 42 45
2023-07-09,82,2,22,35,37,42,55,2 22 35 37 42 55
2023-07-11,83,3,17,31,33,44,49,3 17 31 33 44 49
2023-07-13,84,1,17,32,48,52,58,1 17 32 48 52 58
2023-07-16,85,10,33,39,51,54,55,10 33 39 51 54 55
2023-07-18,86,8,19,23,29,30,50,8 19 23 29 30 50
2023-07-20,87,14,23,24,34,37,56,14 23 24 34 37 56
2023-07-23,88,11,13,38,39,42,44,11 13 38 39 42 44
2023-07-25,89,7,17,49,53,54,56,7 17 49 53 54 56
2023-07-27,90,3,11,12,14,26,41,3 11 12 14 26 41
2023-07-30,91,11,17,28,33,40,57,11 17 28 33 40 57
2023-08-01,92,7,9,10,16,21,50,7 9 10 16 21 50
2023-08-03,93,4,10,16,20,40,51,4 10 16 20 40 51
2023-08-06,94,5,6,25,34,55,60,5 6 25 34 55 60
2023-08-08,95,1,2,3,16,21,30,1 2 3 16 21 30
2023-08-10,96,6,14,43,44,45,56,6 14 43 44 45 56
2023-08-13,97,6,10,28,38,40,52,6 10 28 38 40 52
2023-08-15,98,12,21,34,48,49,50,12 21 34 48 49 50
2023-08-17,99,5,10,19,25,33,35,5 10 19 25 33 35
2023-08-20,100,12,18,39,48,54,59,12 18 39 48 54 59
2023-08-22,101,4,5,12,21,39,48,4 5 12 21 39 48
2023-08-24,102,6,12,25,30,38,40,6 12 25 30 38 40
2023-08-27,103,5,6,43,46,54,58,5 6 43 46 54 58
2023-08-29,104,5,7,10,14,15,56,5 7 10 14 15 56
2023-08-31,105,6,10,21,24,53,59,6 10 21 24 53 59
2023-09-03,106,1,21,37,38,40,49,1 21 37 38 40 49
2023-09-05,107,13,17,27,30,44,49,13 17 27 30 44 49
2023-09-07,108,6,11,24,31,36,53,6 11 24 31 36 53
2023-09-10,109,16,32,38,51,55,60,16 32 38 51 55 60
2023-09-12,110,6,16,20,32,43,52,6 16 20 32 43 52
2023-09-14,111,27,29,37,39,43,60,27 29 37 39 43 60
2023-09-17,112,4,19,25,34,35,46,4 19 25 34 35 46
2023-09-19,113,4,8,15,43,47,48,4 8 15 43 47 48
2023-09-21,114,4,6,15,41,49,52,4 6 15 41 49 52
2023-09-24,115,5,9,28,35,44,58,5 9 28 35 44 58
2023-09-26,116,4,5,11,13,40,60,4 5 11 13 40 60
2023-09-28,117,2,7,9,10,17,49,2 7 9 10 17 49
2023-10-01,118,6,11,18,25,45,60,6 11 18 25 45 60
2023-10-03,119,8,11,18,34,51,58,8 11 18 34 51 58
2023-10-05,120,2,3,18,22,30,55,2 3 18 22 30 55
2023-10-08,121,3,6,19,37,48,57,3 6 19 37 48 57
2023-10-10,122,6,20,24,26,27,43,6 20 24 26 27 43
2023-10-12,123,9,22,31,33,49,52,9 22 31 33 49 52
2023-10-15,124,20,22,27,42,46,56,20 22 27 42 46 56
2023-10-17,125,4,7,12,18,23,24,4 7 12 18 23 24
2023-10-19,126,2,9,11,15,35,51,2 9 11 15 35 51
2023-10-22,127,6,7,14,37,49,57,6 7 14 37 49 57
2023-10-24,128,7,10,23,27,46,58,7 10 23 27 46 58
2023-10-26,129,1,31,40,42,45,56,1 31 40 42 45 56
2023-10-29,130,7,12,20,25,47,48,7 12 20 25 47 48
2023-10-31,131,8,12,13,17,41,48,8 12 13 17 41 48
2023-11-02,132,4,29,38,56,58,59,4 29 38 56 58 59
2023-11-05,133,6,13,26,50,55,60,6 13 26 50 55 60
2023-11-07,134,16,24,36,41,45,51,16 24 36 41 45 51
2023-11-09,135,15,25,28,40,53,58,15 25 28 40 53 58
2023-11-12,136,2,7,23,44,50,60,2 7 23 44 50 60
2023-11-14,137,3,17,37,39,48,55,3 17 37 39 48 55
2023-11-16,138,2,9,11,17,38,42,2 9 11 17 38 42
2023-11-19,139,13,21,33,44,46,50,13 21 33 44 46 50
2023-11-21,140,3,12,33,53,57,58,3 12 33 53 57 58
2023-11-23,141,5,7,18,25,39,50,5 7 18 25 39 50
2023-11-26,142,2,22,29,36,45,58,2 22 29 36 45 58
2023-11-28,143,29,41,42,44,45,46,29 41 42 44 45 46
2023-11-30,144,34,40,42,52,57,58,34 40 42 52 57 58
2023-12-03,145,7,8,21,35,43,49,7 8 21 35 43 49
2023-12-05,146,4,15,17,28,34,43,4 15 17 28 34 43
2023-12-07,147,8,14,25,36,47,57,8 14 25 36 47 57
2023-12-10,148,6,13,18,35,44,50,6 13 18 35 44 50
2023-12-12,149,1,3,39,49,54,57,1 3 39 49 54 57
2023-12-14,150,22,24,28,54,58,60,22 24 28 54 58 60
2023-12-17,151,15,26,27,34,55,60,15 26 27 34 55 60
2023-12-19,152,2,23,26,36,39,52,2 23 26 36 39 52
2023-12-21,153,1,19,20,21,49,60,1 19 20 21 49 60
2023-12-24,154,1,10,25,44,55,57,1 10 25 44 55 57
2023-12-26,155,4,7,41,47,50,55,4 7 41 47 50 55
2023-12-28,156,12,16,39,50,55,58,12 16 39 50 55 58
2023-12-30,157,30,32,43,44,58,60,30 32 43 44 58 60
2024-01-02,1,17,31,51,55,58,59,17 31 51 55 58 59
2024-01-04,2,7,32,42,49,53,55,7 32 42 49 53 55
2024-01-07,3,3,11,22,24,54,56,3 11 22 24 54 56
2024-01-09,4,2,4,6,52,54,56,2 4 6 52 54 56
2024-01-11,5,4,19,29,33,36,46,4 19 29 33 36 46
2024-01-14,6,20,27,28,31,34,50,20 27 28 31 34 50
2024-01-16,7,7,9,22,27,37,55,7 9 22 27 37 55
2024-01-18,8,6,14,39,40,45,59,6 14 39 40 45 59
2024-01-21,9,4,11,19,26,39,57,4 11 19 26 39 57
2024-01-23,10,15,42,43,50,56,60,15 42 43 50 56 60
2024-01-25,11,32,40,41,46,55,56,32 40 41 46 55 56
2024-01-28,12,10,27,33,49,52,53,10 27 33 49 52 53
2024-01-30,13,2,13,14,20,57,58,2 13 14 20 57 58
2024-02-01,14,8,13,35,55,56,58,8 13 35 55 56 58
2024-02-04,15,10,20,31,53,57,59,10 20 31 53 57 59
2024-02-06,16,4,15,31,42,51,60,4 15 31 42 51 60
2024-02-08,17,4,6,35,43,54,60,4 6 35 43 54 60
2024-02-11,18,13,16,19,20,43,51,13 16 19 20 43 51
2024-02-13,19,1,9,11,26,32,44,1 9 11 26 32 44
2024-02-15,20,4,5,20,28,32,41,4 5 20 28 32 41
2024-02-18,21,1,2,21,42,52,58,1 2 21 42 52 58
2024-02-20,22,4,11,30,46,48,54,4 11 30 46 48 54
2024-02-22,23,5,13,23,25,45,46,5 13 23 25 45 46
2024-02-25,24,2,32,40,44,54,58,2 32 40 44 54 58
2024-02-27,25,7,8,34,36,39,40,7 8 34 36 39 40
2024-02-29,26,7,20,37,40,41,46,7 20 37 40 41 46
2024-03-03,27,14,29,33,42,47,52,14 29 33 42 47 52
2024-03-05,28,16,42,43,46,50,55,16 42 43 46 50 55
2024-03-07,29,6,11,17,27,51,54,6 11 17 27 51 54
2024-03-10,30,20,31,32,46,55,58,20 31 32 46 55 58
2024-03-12,31,7,15,22,24,47,50,7 15 22 24 47 50
2024-03-14,32,6,30,31,40,47,60,6 30 31 40 47 60
2024-03-17,33,8,9,24,28,45,49,8 9 24 28 45 49
2024-03-19,34,2,27,35,49,52,53,2 27 35 49 52 53
2024-03-21,35,2,20,29,34,43,52,2 20 29 34 43 52
2024-03-24,36,2,17,27,38,53,59,2 17 27 38 53 59
2024-03-26,37,13,18,22,27,45,48,13 18 22 27 45 48
2024-03-28,38,17,40,46,48,53,54,17 40 46 48 53 54
2024-03-31,39,11,12,28,38,39,54,11 12 28 38 39 54
2024-04-02,40,8,11,18,27,28,40,8 11 18 27 28 40
2024-04-04,41,8,31,35,46,56,59,8 31 35 46 56 59
2024-04-07,42,7,11,20,28,36,37,7 11 20 28 36 37
2024-04-09,43,5,6,18,20,44,48,5 6 18 20 44 48
2024-04-11,44,4,16,19,20,28,34,4 16 19 20 28 34
2024-04-14,45,10,31,38,43,51,56,10 31 38 43 51 56
2024-04-16,46,6,14,17,18,30,45,6 14 17 18 30 45
2024-04-18,47,10,23,37,46,54,57,10 23 37 46 54 57
2024-04-21,48,6,21,24,33,43,52,6 21 24 33 43 52
2024-04-23,49,4,5,22,31,32,42,4 5 22 31 32 42
2024-04-25,50,8,25,31,32,36,42,8 25 31 32 36 42
2024-04-28,51,4,6,9,10,37,43,4 6 9 10 37 43
2024-04-30,52,6,10,21,33,39,50,6 10 21 33 39 50
2024-05-02,53,10,17,34,37,40,52,10 17 34 37 40 52
2024-05-05,54,22,24,26,27,30,59,22 24 26 27 30 59
2024-05-07,55,20,31,37,42,47,55,20 31 37 42 47 55
2024-05-09,56,14,19,33,34,50,59,14 19 33 34 50 59
2024-05-12,57,4,9,24,41,44,55,4 9 24 41 44 55
2024-05-14,58,5,17,27,32,33,41,5 17 27 32 33 41
2024-05-16,59,4,8,27,32,42,49,4 8 27 32 42 49
2024-05-19,60,11,15,24,27,35,44,11 15 24 27 35 44
2024-05-21,61,6,30,33,38,58,59,6 30 33 38 58 59
2024-05-23,62,11,15,26,31,55,56,11 15 26 31 55 56
2024-05-26,63,18,23,24,28,40,59,18 23 24 28 40 59
2024-05-28,64,6,9,38,41,54,59,6 9 38 41 54 59
2024-05-30,65,9,15,22,29,33,39,9 15 22 29 33 39
2024-06-02,66,23,24,28,48,52,55,23 24 28 48 52 55
2024-06-04,67,21,25,27,29,39,51,21 25 27 29 39 51
2024-06-06,68,11,12,26,31,45,51,11 12 26 31 45 51
2024-06-09,69,12,20,31,37,50,56,12 20 31 37 50 56
2024-06-11,70,2,11,16,18,25,54,2 11 16 18 25 54
2024-06-13,71,7,15,17,21,39,53,7 15 17 21 39 53
2024-06-16,72,2,3,6,7,23,52,2 3 6 7 23 52
2024-06-18,73,12,15,18,34,51,54,12 15 18 34 51 54
2024-06-20,74,7,10,44,46,55,60,7 10 44 46 55 60
2024-06-23,75,11,19,28,34,44,56,11 19 28 34 44 56
2024-06-25,76,6,13,17,27,37,49,6 13 17 27 37 49
2024-06-27,77,14,31,33,41,54,57,14 31 33 41 54 57
2024-06-30,78,39,49,52,53,54,56,39 49 52 53 54 56
2024-07-02,79,1,11,13,16,31,44,1 11 13 16 31 44
2024-07-04,80,1,16,27,29,36,45,1 16 27 29 36 45
2024-07-07,81,20,29,49,52,55,58,20 29 49 52 55 58
2024-07-09,82,2,10,16,22,35,55,2 10 16 22 35 55
2024-07-11,83,3,21,28,45,53,55,3 21 28 45 53 55
2024-07-14,84,4,5,6,12,49,50,4 5 6 12 49 50
2024-07-16,85,23,27,28,35,42,45,23 27 28 35 42 45
2024-07-18,86,6,16,22,52,53,55,6 16 22 52 53 55
2024-07-21,87,6,23,32,40,49,51,6 23 32 40 49 51
2024-07-23,88,3,26,32,40,46,53,3 26 32 40 46 53
2024-07-25,89,12,17,21,30,31,32,12 17 21 30 31 32
2024-07-28,90,33,34,37,41,43,58,33 34 37 41 43 58
2024-07-30,91,3,15,20,25,42,51,3 15 20 25 42 51
2024-08-01,92,15,17,25,31,33,58,15 17 25 31 33 58
2024-08-04,93,10,14,33,37,42,46,10 14 33 37 42 46
2024-08-06,94,9,36,38,39,53,56,9 36 38 39 53 56
2024-08-08,95,15,19,26,32,47,55,15 19 26 32 47 55
2024-08-11,96,5,8,22,49,54,57,5 8 22 49 54 57
2024-08-13,97,10,30,36,51,56,58,10 30 36 51 56 58
2024-08-15,98,21,22,41,50,59,60,21 22 41 50 59 60
2024-08-18,99,1,10,20,24,46,54,1 10 20 24 46 54
2024-08-20,100,3,5,7,12,46,48,3 5 7 12 46 48
2024-08-22,101,11,14,30,31,40,52,11 14 30 31 40 52
2024-08-25,102,5,6,8,32,44,50,5 6 8 32 44 50
2024-08-27,103,3,28,34,45,46,58,3 28 34 45 46 58
2024-08-29,104,8,15,30,37,45,51,8 15 30 37 45 51
2024-09-01,105,8,17,25,35,51,53,8 17 25 35 51 53
2024-09-03,106,2,3,29,45,46,53,2 3 29 45 46 53
2024-09-05,107,1,6,21,29,33,42,1 6 21 29 33 42
2024-09-08,108,11,22,33,34,47,56,11 22 33 34 47 56
2024-09-10,109,6,11,31,32,44,58,6 11 31 32 44 58
2024-09-12,110,1,11,19,29,45,52,1 11 19 29 45 52
2024-09-15,111,4,15,17,26,36,53,4 15 17 26 36 53
2024-09-17,112,4,5,16,28,37,60,4 5 16 28 37 60
2024-09-19,113,1,7,37,40,42,59,1 7 37 40 42 59
2024-09-22,114,7,9,18,39,40,50,7 9 18 39 40 50
2024-09-24,115,5,32,40,44,49,60,5 32 40 44 49 60
2024-09-26,116,21,22,30,37,38,60,21 22 30 37 38 60
2024-09-29,117,7,34,41,43,48,49,7 34 41 43 48 49
2024-10-01,118,6,21,29,39,44,57,6 21 29 39 44 57
2024-10-03,119,4,9,26,29,45,49,4 9 26 29 45 49
2024-10-06,120,7,12,22,28,31,39,7 12 22 28 31 39
2024-10-08,121,6,18,19,40,45,56,6 18 19 40 45 56
2024-10-10,122,1,8,30,41,44,46,1 8 30 41 44 46
2024-10-13,123,9,35,36,41,45,50,9 35 36 41 45 50
2024-10-15,124,3,4,14,24,25,47,3 4 14 24 25 47
2024-10-17,125,2,3,8,26,42,46,2 3 8 26 42 46
2024-10-20,126,3,9,10,15,35,38,3 9 10 15 35 38
2024-10-22,127,12,15,18,36,38,56,12 15 18 36 38 56
2024-10-24,128,1,3,15,27,47,52,1 3 15 27 47 52
2024-10-27,129,16,36,37,45,59,60,16 36 37 45 59 60
2024-10-29,130,3,6,7,22,34,57,3 6 7 22 34 57
2024-10-31,131,2,34,35,38,50,55,2 34 35 38 50 55
2024-11-03,132,4,16,31,33,35,45,4 16 31 33 35 45
2024-11-05,133,12,28,39,47,55,56,12 28 39 47 55 56
2024-11-07,134,21,25,26,36,46,54,21 25 26 36 46 54
2024-11-10,135,1,8,10,11,43,57,1 8 10 11 43 57
2024-11-12,136,13,18,22,24,34,60,13 18 22 24 34 60
2024-11-14,137,3,16,17,48,49,57,3 16 17 48 49 57
2024-11-17,138,14,21,36,38,43,50,14 21 36 38 43 50
2024-11-19,139,14,27,30,43,47,58,14 27 30 43 47 58
2024-11-21,140,2,3,6,32,49,53,2 3 6 32 49 53
2024-11-24,141,2,6,11,12,38,45,2 6 11 12 38 45
2024-11-26,142,2,5,6,50,56,59,2 5 6 50 56 59
2024-11-28,143,5,6,26,38,49,53,5 6 26 38 49 53
2024-12-01,144,1,15,23,30,34,39,1 15 23 30 34 39
2024-12-03,145,2,16,25,36,40,51,2 16 25 36 40 51
2024-12-05,146,3,4,13,15,20,35,3 4 13 15 20 35
2024-12-08,147,10,14,22,24,29,60,10 14 22 24 29 60
2024-12-10,148,12,13,20,30,47,54,12 13 20 30 47 54
2024-12-12,149,18,20,21,46,56,58,18 20 21 46 56 58
2024-12-15,150,7,43,44,47,55,60,7 43 44 47 55 60
2024-12-17,151,17,28,29,40,41,55,17 28 29 40 41 55
2024-12-19,152,20,21,26,32,53,58,20 21 26 32 53 58
2024-12-22,153,10,14,33,44,51,54,10 14 33 44 51 54
2024-12-24,154,19,35,48,55,58,59,19 35 48 55 58 59
2024-12-26,155,3,5,15,19,25,41,3 5 15 19 25 41
2024-12-29,156,1,3,4,26,51,58,1 3 4 26 51 58
2024-12-31,157,14,22,33,49,52,57,14 22 33 49 52 57
2025-01-02,1,8,36,38,42,53,56,8 36 38 42 53 56
2025-01-05,2,11,15,20,29,35,56,11 15 20 29 35 56
2025-01-07,3,2,21,26,43,44,55,2 21 26 43 44 55
2025-01-09,4,4,7,11,13,25,48,4 7 11 13 25 48
2025-01-12,5,2,4,19,21,39,53,2 4 19 21 39 53
2025-01-14,6,3,4,11,42,45,56,3 4 11 42 45 56
2025-01-16,7,33,38,46,50,55,58,33 38 46 50 55 58
2025-01-19,8,1,15,18,19,41,52,1 15 18 19 41 52
2025-01-21,9,13,30,39,42,44,46,13 30 39 42 44 46
2025-01-23,10,1,4,8,10,42,55,1 4 8 10 42 55
2025-01-26,11,2,3,4,15,38,51,2 3 4 15 38 51
2025-01-28,12,2,3,4,9,18,19,2 3 4 9 18 19
2025-01-30,13,5,21,23,41,42,58,5 21 23 41 42 58
2025-02-02,14,19,20,24,25,33,53,19 20 24 25 33 53
2025-02-04,15,4,8,10,20,44,57,4 8 10 20 44 57
2025-02-06,16,5,11,32,34,43,53,5 11 32 34 43 53
2025-02-09,17,3,5,17,26,30,49,3 5 17 26 30 49
2025-02-11,18,8,24,33,45,47,51,8 24 33 45 47 51
2025-02-13,19,15,23,42,46,47,48,15 23 42 46 47 48
2025-02-16,20,10,13,18,19,28,30,10 13 18 19 28 30
2025-02-18,21,2,25,37,44,48,54,2 25 37 44 48 54
2025-02-20,22,2,3,7,23,36,43,2 3 7 23 36 43
2025-02-23,23,3,9,15,37,54,58,3 9 15 37 54 58
2025-02-25,24,3,4,36,40,46,58,3 4 36 40 46 58
2025-02-27,25,2,13,43,48,50,53,2 13 43 48 50 53
2025-03-02,26,6,17,31,43,48,55,6 17 31 43 48 55
2025-03-04,27,2,14,36,37,52,59,2 14 36 37 52 59
2025-03-06,28,14,23,24,26,45,47,14 23 24 26 45 47
2025-03-09,29,6,13,24,26,29,38,6 13 24 26 29 38
2025-03-11,30,4,6,8,27,35,43,4 6 8 27 35 43
2025-03-13,31,1,2,3,19,33,39,1 2 3 19 33 39
2025-03-16,32,2,19,44,47,58,59,2 19 44 47 58 59
2025-03-18,33,11,35,43,46,57,60,11 35 43 46 57 60
2025-03-20,34,1,20,28,42,47,49,1 20 28 42 47 49
2025-03-23,35,12,14,18,36,44,50,12 14 18 36 44 50
2025-03-25,36,3,17,20,29,46,50,3 17 20 29 46 50
2025-03-27,37,15,20,22,41,48,51,15 20 22 41 48 51
2025-03-30,38,5,25,31,43,48,56,5 25 31 43 48 56
2025-04-01,39,2,22,26,31,35,50,2 22 26 31 35 50
2025-04-03,40,5,21,24,26,33,57,5 21 24 26 33 57
2025-04-06,41,15,18,28,53,55,60,15 18 28 53 55 60
2025-04-08,42,7,13,15,21,22,24,7 13 15 21 22 24
2025-04-10,43,2,3,19,30,40,55,2 3 19 30 40 55
2025-04-13,44,5,25,26,29,39,47,5 25 26 29 39 47
2025-04-15,45,9,15,37,43,44,57,9 15 37 43 44 57
2025-04-17,46,4,6,7,18,21,38,4 6 7 18 21 38
2025-04-20,47,10,12,32,36,44,58,10 12 32 36 44 58
2025-04-22,48,19,27,34,40,48,54,19 27 34 40 48 54
2025-04-24,49,9,21,33,37,39,56,9 21 33 37 39 56
2025-04-27,50,2,23,29,45,50,59,2 23 29 45 50 59
2025-04-29,51,28,32,35,47,54,58,28 32 35 47 54 58
2025-05-01,52,1,26,34,35,39,45,1 26 34 35 39 45
2025-05-04,53,1,4,18,26,35,44,1 4 18 26 35 44
2025-05-06,54,2,16,25,30,31,47,2 16 25 30 31 47
2025-05-08,55,7,32,45,50,56,58,7 32 45 50 56 58
2025-05-11,56,5,19,33,37,43,47,5 19 33 37 43 47
2025-05-13,57,1,10,15,21,35,55,1 10 15 21 35 55
2025-05-15,58,22,28,33,37,39,52,22 28 33 37 39 52
2025-05-18,59,1,13,25,44,46,60,1 13 25 44 46 60
2025-05-20,60,4,15,28,50,53,59,4 15 28 50 53 59
2025-05-22,61,12,27,31,34,40,55,12 27 31 34 40 55
2025-05-25,62,6,8,12,17,22,58,6 8 12 17 22 58
2025-05-27,63,5,18,19,53,57,58,5 18 19 53 57 58
2025-05-29,64,12,16,24,32,40,55,12 16 24 32 40 55
2025-06-01,65,6,12,20,22,30,47,6 12 20 22 30 47
2025-06-03,66,4,12,23,48,50,51,4 12 23 48 50 51
2025-06-05,67,22,32,37,38,49,50,22 32 37 38 49 50
2025-06-08,68,2,14,34,41,51,57,2 14 34 41 51 57
2025-06-10,69,6,8,23,27,46,60,6 8 23 27 46 60
2025-06-12,70,16,19,25,37,43,57,16 19 25 37 43 57
2025-06-15,71,7,22,31,39,48,56,7 22 31 39 48 56
2025-06-17,72,11,12,21,52,53,54,11 12 21 52 53 54
2025-06-19,73,9,25,29,31,35,46,9 25 29 31 35 46
2025-06-22,74,5,19,20,35,51,52,5 19 20 35 51 52
2025-06-24,75,10,18,27,28,29,30,10 18 27 28 29 30
2025-06-26,76,8,12,27,36,43,53,8 12 27 36 43 53
2025-06-29,77,12,13,17,20,33,45,12 13 17 20 33 45
2025-07-01,78,14,23,39,40,45,49,14 23 39 40 45 49
2025-07-03,79,1,13,22,38,56,57,1 13 22 38 56 57
2025-07-06,80,4,14,23,27,35,57,4 14 23 27 35 57
2025-07-08,81,11,16,17,19,34,36,11 16 17 19 34 36
2025-07-10,82,11,25,26,43,44,57,11 25 26 43 44 57
2025-07-13,83,4,6,7,12,14,32,4 6 7 12 14 32
2025-07-15,84,4,12,26,28,37,43,4 12 26 28 37 43
2025-07-17,85,5,6,9,24,32,54,5 6 9 24 32 54
2025-07-20,86,1,8,14,19,36,60,1 8 14 19 36 60
2025-07-22,87,5,10,11,18,24,46,5 10 11 18 24 46
2025-07-24,88,10,13,15,27,29,46,10 13 15 27 29 46
2025-07-27,89,20,26,28,43,47,56,20 26 28 43 47 56
2025-07-29,90,3,14,19,27,34,57,3 14 19 27 34 57
2025-07-31,91,7,27,41,47,51,60,7 27 41 47 51 60
2025-08-03,92,2,11,13,17,19,60,2 11 13 17 19 60
2025-08-05,93,15,25,34,40,46,47,15 25 34 40 46 47
2025-08-07,94,7,31,35,39,40,44,7 31 35 39 40 44
2025-08-10,95,2,30,36,39,40,49,2 30 36 39 40 49
2025-08-12,96,8,17,18,39,52,59,8 17 18 39 52 59
2025-08-14,97,4,7,30,39,44,58,4 7 30 39 44 58
2025-08-17,98,7,10,23,41,52,57,7 10 23 41 52 57
2025-08-19,99,25,29,31,34,37,52,25 29 31 34 37 52
2025-08-21,100,9,10,11,15,50,52,9 10 11 15 50 52
2025-08-24,101,12,19,27,40,49,57,12 19 27 40 49 57
2025-08-26,102,6,23,26,43,59,60,6 23 26 43 59 60
2025-08-28,103,3,8,17,53,55,56,3 8 17 53 55 56
2025-08-31,104,2,27,32,42,46,57,2 27 32 42 46 57
2025-09-02,105,25,27,30,31,44,45,25 27 30 31 44 45
2025-09-04,106,15,23,24,25,47,57,15 23 24 25 47 57
2025-09-07,107,11,22,34,43,53,59,11 22 34 43 53 59
2025-09-09,108,28,48,57,58,59,60,28 48 57 58 59 60
2025-09-11,109,5,6,8,20,23,43,5 6 8 20 23 43
2025-09-14,110,5,38,40,50,56,60,5 38 40 50 56 60
2025-09-16,111,23,24,31,35,43,59,23 24 31 35 43 59
2025-09-18,112,2,5,42,55,56,58,2 5 42 55 56 58
2025-09-21,113,4,5,23,42,48,51,4 5 23 42 48 51
2025-09-23,114,1,9,19,34,39,50,1 9 19 34 39 50
2025-09-25,115,1,7,10,26,33,35,1 7 10 26 33 35
2025-09-28,116,10,14,31,35,55,57,10 14 31 35 55 57
2025-09-30,117,15,19,23,25,38,53,15 19 23 25 38 53
2025-10-02,118,2,14,21,25,42,60,2 14 21 25 42 60
2025-10-05,119,1,3,9,25,37,44,1 3 9 25 37 44
2025-10-07,120,1,8,16,20,22,41,1 8 16 20 22 41
2025-10-09,121,4,8,15,30,43,47,4 8 15 30 43 47
2025-10-12,122,2,33,41,54,58,60,2 33 41 54 58 60
2025-10-14,123,3,23,28,39,44,57,3 23 28 39 44 57
2025-10-16,124,1,20,22,39,52,57,1 20 22 39 52 57
2025-10-19,125,13,20,32,35,37,41,13 20 32 35 37 41
2025-10-21,126,2,3,11,25,51,52,2 3 11 25 51 52
2025-10-23,127,14,23,36,45,47,48,14 23 36 45 47 48
2025-10-26,128,18,22,26,44,53,55,18 22 26 44 53 55
2025-10-28,129,10,22,39,41,48,49,10 22 39 41 48 49
2025-10-30,130,1,6,35,54,56,59,1 6 35 54 56 59
2025-11-02,131,15,17,20,39,44,47,15 17 20 39 44 47
2025-11-04,132,10,11,26,46,54,60,10 11 26 46 54 60
2025-11-06,133,2,16,20,31,39,55,2 16 20 31 39 55
2025-11-09,134,18,26,34,48,49,56,18 26 34 48 49 56
2025-11-11,135,7,12,14,15,17,40,7 12 14 15 17 40
2025-11-13,136,9,13,18,25,29,58,9 13 18 25 29 58
2025-11-16,137,6,9,16,20,26,46,6 9 16 20 26 46
2025-11-18,138,1,9,16,30,45,54,1 9 16 30 45 54
2025-11-20,139,2,27,34,37,48,60,2 27 34 37 48 60
2025-11-25,140,12,19,41,51,54,59,12 19 41 51 54 59
2025-11-25,141,2,15,28,39,48,50,2 15 28 39 48 50
2025-11-27,142,5,7,8,28,47,58,5 7 8 28 47 58
2025-11-30,143,9,12,22,34,43,56,9 12 22 34 43 56
2025-12-01,146,19,33,37,39,56,57,19 33 37 39 56 57
2025-12-02,144,2,9,16,19,29,52,2 9 16 19 29 52
2025-12-04,145,9,11,18,35,49,50,9 11 18 35 49 50
2025-12-09,147,17,28,32,36,38,51,17 28 32 36 38 51
2025-12-11,148,1,8,29,39,41,50,1 8 29 39 41 50
2025-12-14,149,2,9,27,30,36,55,2 9 27 30 36 55
2025-12-16,150,5,9,32,35,55,56,5 9 32 35 55 56
2025-12-18,151,4,7,31,35,40,52,4 7 31 35 40 52
2025-12-21,152,9,11,12,21,32,34,9 11 12 21 32 34
2025-12-23,153,13,20,33,35,40,48,13 20 33 35 40 48
2025-12-25,154,2,7,19,21,23,59,2 7 19 21 23 59
2025-12-28,155,6,31,35,41,44,46,6 31 35 41 44 46
2025-12-30,156,6,34,35,36,56,57,6 34 35 36 56 57
2026-01-01,1,34,36,39,45,53,55,34 36 39 45 53 55
2026-01-03,27,17,18,21,27,37,51,17 18 21 27 37 51
2026-01-04,2,20,21,23,26,32,37,20 21 23 26 32 37
2026-01-06,3,6,9,25,29,45,57,6 9 25 29 45 57
2026-01-08,4,3,7,12,22,23,55,3 7 12 22 23 55
2026-01-11,5,3,8,10,12,32,42,3 8 10 12 32 42
2026-01-13,6,7,19,23,32,48,55,7 19 23 32 48 55
2026-01-15,7,1,22,27,41,44,46,1 22 27 41 44 46
2026-01-18,8,9,24,25,33,44,52,9 24 25 33 44 52
2026-01-20,9,6,26,32,43,48,54,6 26 32 43 48 54
2026-01-22,10,1,2,36,42,49,55,1 2 36 42 49 55
2026-01-25,11,12,20,23,38,49,50,12 20 23 38 49 50
2026-01-27,12,1,7,16,34,38,42,1 7 16 34 38 42
2026-01-29,13,1,4,7,8,11,41,1 4 7 8 11 41
2026-02-01,14,7,17,21,25,32,52,7 17 21 25 32 52
2026-02-03,15,21,33,43,47,55,59,21 33 43 47 55 59
2026-02-05,16,14,24,34,42,51,60,14 24 34 42 51 60
2026-02-08,17,8,18,21,29,36,38,8 18 21 29 36 38
2026-02-10,18,9,29,36,46,47,52,9 29 36 46 47 52
2026-02-12,19,3,5,10,22,23,52,3 5 10 22 23 52
2026-02-15,20,9,16,31,34,40,58,9 16 31 34 40 58
2026-02-17,21,2,14,31,38,47,54,2 14 31 38 47 54
2026-02-19,22,6,8,43,49,58,60,6 8 43 49 58 60
2026-02-22,23,14,16,30,42,46,55,14 16 30 42 46 55
2026-02-24,24,6,19,31,39,47,51,6 19 31 39 47 51
2026-02-26,25,3,19,26,37,44,57,3 19 26 37 44 57
2026-03-01,26,3,14,27,32,43,44,3 14 27 32 43 44
2026-03-05,28,3,11,16,25,37,41,3 11 16 25 37 41
2026-03-08,29,11,41,43,44,51,57,11 41 43 44 51 57
2026-03-10,30,7,9,14,36,52,55,7 9 14 36 52 55
2026-03-12,31,3,22,38,41,44,50,3 22 38 41 44 50
2026-03-15,32,5,12,21,28,35,42,5 12 21 28 35 42
2026-03-17,33,1,6,7,19,31,44,1 6 7 19 31 44
2026-03-19,34,18,21,34,43,47,50,18 21 34 43 47 50
2026-03-22,35,8,9,20,30,33,55,8 9 20 30 33 55
2026-03-24,36,7,9,20,22,28,39,7 9 20 22 28 39
2026-03-26,37,7,14,17,25,42,49,7 14 17 25 42 49
2026-03-29,38,1,17,28,30,32,42,1 17 28 30 32 42
2026-03-31,39,2,16,35,51,52,56,2 16 35 51 52 56
2026-04-02,40,6,11,22,36,37,53,6 11 22 36 37 53
2026-04-05,41,1,3,14,19,48,56,1 3 14 19 48 56
2026-04-07,42,10,29,36,42,46,52,10 29 36 42 46 52
2026-04-09,43,6,18,33,40,50,58,6 18 33 40 50 58
2026-04-12,44,11,19,23,27,28,39,11 19 23 27 28 39
2026-04-14,45,13,19,21,30,42,43,13 19 21 30 42 43
2026-04-16,46,15,20,29,51,56,57,15 20 29 51 56 57
2026-04-19,47,1,11,26,49,55,59,1 11 26 49 55 59
2026-04-21,48,8,31,35,36,49,55,8 31 35 36 49 55
2026-04-23,49,9,26,30,39,41,45,9 26 30 39 41 45
2026-04-26,50,6,36,38,44,49,53,6 36 38 44 49 53
2026-04-28,51,2,14,22,34,48,59,2 14 22 34 48 59
2026-04-30,52,25,35,39,41,54,56,25 35 39 41 54 56
2026-05-03,53,1,13,19,27,42,56,1 13 19 27 42 56
2026-05-05,54,14,20,31,35,38,39,14 20 31 35 38 39
2026-05-07,55,1,11,20,33,35,47,1 11 20 33 35 47
2026-05-10,56,1,8,31,38,40,56,1 8 31 38 40 56
2026-05-12,57,2,19,28,30,31,37,2 19 28 30 31 37
2026-05-14,58,13,18,35,45,46,50,13 18 35 45 46 50
2026-05-17,59,4,9,11,19,24,26,4 9 11 19 24 26
2026-05-19,60,3,23,27,47,50,53,3 23 27 47 50 53
2026-05-21,61,7,21,23,25,37,51,7 21 23 25 37 51
2026-05-24,62,19,22,28,30,44,46,19 22 28 30 44 46
2026-05-26,63,9,17,38,47,54,58,9 17 38 47 54 58
2026-05-28,64,12,21,23,45,49,55,12 21 23 45 49 55
2026-05-31,65,2,4,13,16,48,58,2 4 13 16 48 58
2026-06-02,66,15,18,20,31,43,56,15 18 20 31 43 56
2026-06-04,67,4,6,7,10,20,28,4 6 7 10 20 28
2026-06-07,68,2,8,21,24,36,47,2 8 21 24 36 47
2026-06-09,69,10,11,35,38,41,57,10 11 35 38 41 57
2026-06-11,70,15,19,30,38,57,60,15 19 30 38 57 60
2026-06-14,71,3,26,27,32,44,46,3 26 27 32 44 46
2026-06-16,72,8,14,23,32,58,60,8 14 23 32 58 60
